customer_id,company_name,country,city,address,contact_email
CLI-00001,SolarTech 23,Belgium,Brussels,152 Rue de l'Energie,contact@solartech23.eu
CLI-00002,RenovSolutions 27,Italy,Bologna,134 Rue de l'Energie,contact@renovsolutions27.eu
CLI-00003,LumiSolutions 92, France ,Paris,23 Rue de l'Energie,contact@lumisolutions92.eu
CLI-00004,ElectraServices 25,Germany,Berlin,25 Rue de l'Energie,contact@electraservices25.eu
CLI-00005,VoltPlus 85,Netherlands,Rotterdam,50 Rue de l'Energie,contact@voltplus85.eu
CLI-00006,VoltSolutions 21,Italie,Bologna,14 Rue de l'Energie,contact@voltsolutions21.eu
CLI-00007,LumiGroup 6,Germany,Hamburg,138 Rue de l'Energie,contact@lumigroup6.eu
CLI-00008,EnerServices 93,GERMANY,Berlin,84 Rue de l'Energie,contact@enerservices93.eu
CLI-00009,InstalPro 42,Belgium,Antwerp,189 Rue de l'Energie,contact@instalpro42.eu
CLI-00010,VoltEurope 63,Belgium,Brussels,38 Rue de l'Energie,contact@volteurope63.eu
CLI-00011,GreenGroup 93,FR,Nantes,70 Rue de l'Energie,contact@greengroup93.eu
CLI-00012,SunSolutions 15,ES,Madrid,44 Rue de l'Energie,contact@sunsolutions15.eu
CLI-00013,InstalPlus 79,FR,Marseille,142 Rue de l'Energie,contact@instalplus79.eu
CLI-00014,BatServices 76,IT,Bologna,72 Rue de l'Energie,
CLI-00015,WindInstall 75,Belgium,Antwerp,152 Rue de l'Energie,contact@windinstall75.eu
CLI-00016,SolarTech 61,Belgique,Liege,9 Rue de l'Energie,contact@solartech61.eu
CLI-00017,VoltGroup 31,Italy,Milan,4 Rue de l'Energie,contact@voltgroup31.eu
CLI-00018,SunServices 83,France,Nantes,,contact@sunservices83.eu
CLI-00019,RenovEurope 4,GERMANY,Cologne,36 Rue de l'Energie,contact@renoveurope4.eu
CLI-00020,ThermGroup 91,Italie,Turin,,contact@thermgroup91.eu
CLI-00021,SolarEnergy 55,ES,Bilbao,157 Rue de l'Energie,contact@solarenergy55.eu
CLI-00022,LumiSystems 95,Italy,Milan,173 Rue de l'Energie,contact@lumisystems95.eu
CLI-00023,LumiTech 47,Allemagne,Frankfurt,144 Rue de l'Energie,contact@lumitech47.eu
CLI-00024,WindServices 70,Italy,Rome,189 Rue de l'Energie,contact@windservices70.eu
CLI-00025,InstalDirect 98,Netherlands,Rotterdam,69 Rue de l'Energie,contact@instaldirect98.eu
CLI-00026,WindGroup 63,France,Nantes,137 Rue de l'Energie,contact@windgroup63.eu
CLI-00027,InstalPlus 89,France,Nantes,118 Rue de l'Energie,contact@instalplus89.eu
CLI-00028,EnerSolutions 36,France,Lyon,128 Rue de l'Energie,contact@enersolutions36.eu
CLI-00029,SunInstall 88,Pays-Bas,Amsterdam,122 Rue de l'Energie,contact@suninstall88.eu
CLI-00030,EcoPro 3,Spain,Valencia,134 Rue de l'Energie,contact@ecopro3.eu
CLI-00031,InstalSystems 63,GERMANY,Stuttgart,146 Rue de l'Energie,contact@instalsystems63.eu
CLI-00032,EcoGroup 48,france,Bordeaux,13 Rue de l'Energie,contact@ecogroup48.eu
CLI-00033,RenovPartners 37,Netherlands,Rotterdam,182 Rue de l'Energie,contact@renovpartners37.eu
CLI-00034,EnerTech 41,FR,Toulouse,95 Rue de l'Energie,contact@enertech41.eu
CLI-00035,WindSolutions 48, France ,Nantes,42 Rue de l'Energie,contact@windsolutions48.eu
CLI-00036,InstalSolutions 59,france,Strasbourg,190 Rue de l'Energie,contact@instalsolutions59.eu
CLI-00037,VoltEnergy 97,Espagne,Valencia,145 Rue de l'Energie,contact@voltenergy97.eu
CLI-00038,RenovGroup 6,DE,Berlin,30 Rue de l'Energie,contact@renovgroup6.eu
CLI-00039,WindPro 42,Italy,Bologna,50 Rue de l'Energie,contact@windpro42.eu
CLI-00040,EcoTech 11,Pays-Bas,Utrecht,174 Rue de l'Energie,contact@ecotech11.eu
CLI-00041,VoltSystems 78,Germany,Munich,93 Rue de l'Energie,contact@voltsystems78.eu
CLI-00042,WindTech 37,Allemagne,Frankfurt,115 Rue de l'Energie,contact@windtech37.eu
CLI-00043,RenovInstall 57,ES,Sevilla,187 Rue de l'Energie,contact@renovinstall57.eu
CLI-00044,BatEurope 77,Belgium,Antwerp,78 Rue de l'Energie,contact@bateurope77.eu
CLI-00045,LumiInstall 12,Netherlands,Amsterdam,70 Rue de l'Energie,contact@lumiinstall12.eu
CLI-00046,EcoSolutions 49,ES,Barcelona,11 Rue de l'Energie,contact@ecosolutions49.eu
CLI-00047,ElectraDirect 60,Spain,Sevilla,,
CLI-00048,EnerPlus 86,NL,Eindhoven,126 Rue de l'Energie,contact@enerplus86.eu
CLI-00049,VoltPro 77,france,Bordeaux,145 Rue de l'Energie,contact@voltpro77.eu
CLI-00050,WindPartners 94,Espagne,Madrid,,contact@windpartners94.eu
CLI-00051,RenovSolutions 46,FR,Strasbourg,93 Rue de l'Energie,contact@renovsolutions46.eu
CLI-00052,SunPartners 82,Germany,Hamburg,197 Rue de l'Energie,contact@sunpartners82.eu
CLI-00053,ElectraSystems 41,Espagne,Barcelona,70 Rue de l'Energie,contact@electrasystems41.eu
CLI-00054,BatSolutions 2,FR,Nantes,96 Rue de l'Energie,contact@batsolutions2.eu
CLI-00055,EnerServices 20,Belgique,Antwerp,49 Rue de l'Energie,contact@enerservices20.eu
CLI-00056,BatPartners 92,Espagne,Bilbao,30 Rue de l'Energie,contact@batpartners92.eu
CLI-00057,SolarGroup 45,france,Marseille,36 Rue de l'Energie,contact@solargroup45.eu
CLI-00058,GreenDirect 39,Spain,Valencia,31 Rue de l'Energie,contact@greendirect39.eu
CLI-00059,SunSolutions 27,FR,Toulouse,109 Rue de l'Energie,contact@sunsolutions27.eu
CLI-00060,InstalInstall 6,FR,Strasbourg,169 Rue de l'Energie,contact@instalinstall6.eu
CLI-00061,SolarPro 39,France,Bordeaux,32 Rue de l'Energie,contact@solarpro39.eu
CLI-00062,ThermSystems 4,Belgium,Antwerp,192 Rue de l'Energie,contact@thermsystems4.eu
CLI-00063,BatPartners 94,DE,Munich,18 Rue de l'Energie,contact@batpartners94.eu
CLI-00064,RenovServices 37,FR,Toulouse,138 Rue de l'Energie,
CLI-00065,WindDirect 76,Belgium,Liege,28 Rue de l'Energie,contact@winddirect76.eu
CLI-00066,ElectraServices 53,Germany,Munich,81 Rue de l'Energie,contact@electraservices53.eu
CLI-00067,RenovEnergy 72,France,Nantes,127 Rue de l'Energie,contact@renovenergy72.eu
CLI-00068,ThermGroup 29,Espagne,Valencia,110 Rue de l'Energie,contact@thermgroup29.eu
CLI-00069,ThermSystems 23,Italy,Bologna,126 Rue de l'Energie,contact@thermsystems23.eu
CLI-00070,EnerPro 19,GERMANY,Stuttgart,152 Rue de l'Energie,contact@enerpro19.eu
CLI-00071,EnerSystems 26,BE,Antwerp,104 Rue de l'Energie,contact@enersystems26.eu
CLI-00072,InstalDirect 99,Espagne,Valencia,194 Rue de l'Energie,contact@instaldirect99.eu
CLI-00073,ThermEurope 52,GERMANY,Frankfurt,38 Rue de l'Energie,contact@thermeurope52.eu
CLI-00074,EcoPlus 18,France,Strasbourg,14 Rue de l'Energie,contact@ecoplus18.eu
CLI-00075,PowerEurope 87,france,Marseille,160 Rue de l'Energie,contact@powereurope87.eu
CLI-00076,InstalGroup 60,Spain,Bilbao,128 Rue de l'Energie,contact@instalgroup60.eu
CLI-00077,ElectraPartners 3,Germany,Dusseldorf,31 Rue de l'Energie,contact@electrapartners3.eu
CLI-00078,SolarTech 23,Allemagne,Frankfurt,43 Rue de l'Energie,contact@solartech23.eu
CLI-00079,InstalPro 73,Espagne,Sevilla,142 Rue de l'Energie,contact@instalpro73.eu
CLI-00080,GreenPartners 8,GERMANY,Dusseldorf,152 Rue de l'Energie,contact@greenpartners8.eu
CLI-00081,WindTech 4,Germany,Hamburg,94 Rue de l'Energie,contact@windtech4.eu
CLI-00082,PowerPro 55,france,Nantes,106 Rue de l'Energie,contact@powerpro55.eu
CLI-00083,LumiPro 89,France,,30 Rue de l'Energie,contact@lumipro89.eu
CLI-00084,ThermInstall 73,GERMANY,,179 Rue de l'Energie,contact@therminstall73.eu
CLI-00085,PowerSystems 74,Germany,Cologne,26 Rue de l'Energie,contact@powersystems74.eu
CLI-00086,InstalPlus 44,DE,Dusseldorf,94 Rue de l'Energie,contact@instalplus44.eu
CLI-00087,BatPartners 28,ES,Madrid,77 Rue de l'Energie,contact@batpartners28.eu
CLI-00088,RenovEurope 13,france,Lyon,146 Rue de l'Energie,contact@renoveurope13.eu
CLI-00089,ThermEnergy 65,france,Lyon,139 Rue de l'Energie,contact@thermenergy65.eu
CLI-00090,ThermPartners 24,France,Strasbourg,133 Rue de l'Energie,contact@thermpartners24.eu
CLI-00091,SunPlus 69, France ,Strasbourg,187 Rue de l'Energie,contact@sunplus69.eu
CLI-00092,EcoSolutions 96,Allemagne,Munich,106 Rue de l'Energie,contact@ecosolutions96.eu
CLI-00093,BatInstall 35,france,Toulouse,66 Rue de l'Energie,contact@batinstall35.eu
CLI-00094,EcoTech 32,france,Marseille,144 Rue de l'Energie,contact@ecotech32.eu
CLI-00095,GreenEnergy 18,Belgium,Antwerp,72 Rue de l'Energie,contact@greenenergy18.eu
CLI-00096,InstalTech 8,Italy,Bologna,77 Rue de l'Energie,contact@instaltech8.eu
CLI-00097,ThermPlus 12,GERMANY,Hamburg,186 Rue de l'Energie,contact@thermplus12.eu
CLI-00098,EnerPartners 86,Allemagne,Cologne,24 Rue de l'Energie,contact@enerpartners86.eu
CLI-00099,BatEurope 95,IT,Turin,191 Rue de l'Energie,contact@bateurope95.eu
CLI-00100,EcoEnergy 57, France ,Marseille,151 Rue de l'Energie,contact@ecoenergy57.eu
CLI-00101,WindPartners 55,ES,Madrid,72 Rue de l'Energie,contact@windpartners55.eu
CLI-00102,WindEnergy 3,Germany,Stuttgart,170 Rue de l'Energie,contact@windenergy3.eu
CLI-00103,SunPartners 50,BE,Antwerp,180 Rue de l'Energie,contact@sunpartners50.eu
CLI-00104,BatGroup 50,France,Toulouse,101 Rue de l'Energie,contact@batgroup50.eu
CLI-00105,InstalServices 39,DE,Dusseldorf,42 Rue de l'Energie,contact@instalservices39.eu
CLI-00106,InstalTech 36,Belgium,Liege,126 Rue de l'Energie,contact@instaltech36.eu
CLI-00107,BatPro 21,Italie,Bologna,17 Rue de l'Energie,contact@batpro21.eu
CLI-00108,VoltDirect 4,Italy,Turin,48 Rue de l'Energie,contact@voltdirect4.eu
CLI-00109,EcoPlus 40,france,Lille,29 Rue de l'Energie,contact@ecoplus40.eu
CLI-00110,BatEurope 88,NL,Rotterdam,82 Rue de l'Energie,contact@bateurope88.eu
CLI-00111,ThermEurope 42,france,Marseille,107 Rue de l'Energie,contact@thermeurope42.eu
CLI-00112,LumiServices 3,Germany,Dusseldorf,166 Rue de l'Energie,contact@lumiservices3.eu
CLI-00113,EcoEnergy 90,FR,Strasbourg,,contact@ecoenergy90.eu
CLI-00114,GreenEurope 16,France,Nantes,112 Rue de l'Energie,contact@greeneurope16.eu
CLI-00115,EnerServices 92,Italy,Bologna,69 Rue de l'Energie,contact@enerservices92.eu
CLI-00116,LumiServices 37,FR,,105 Rue de l'Energie,contact@lumiservices37.eu
CLI-00117,LumiGroup 32,NL,,166 Rue de l'Energie,contact@lumigroup32.eu
CLI-00118,RenovInstall 88,FR,Nantes,182 Rue de l'Energie,contact@renovinstall88.eu
CLI-00119,SolarSystems 31, France ,Paris,156 Rue de l'Energie,contact@solarsystems31.eu
CLI-00120,SolarEnergy 65,Espagne,Madrid,102 Rue de l'Energie,contact@solarenergy65.eu
CLI-00121,LumiSolutions 34,Belgium,Brussels,87 Rue de l'Energie,contact@lumisolutions34.eu
CLI-00122,PowerSolutions 34,Germany,Cologne,33 Rue de l'Energie,contact@powersolutions34.eu
CLI-00123,PowerEnergy 34,france,Nantes,112 Rue de l'Energie,contact@powerenergy34.eu
CLI-00124,ElectraPlus 82,NL,Rotterdam,39 Rue de l'Energie,contact@electraplus82.eu
CLI-00125,RenovGroup 56,Germany,Munich,127 Rue de l'Energie,contact@renovgroup56.eu
CLI-00126,VoltGroup 15,Espagne,Sevilla,32 Rue de l'Energie,contact@voltgroup15.eu
CLI-00127,RenovPartners 35,FR,Marseille,2 Rue de l'Energie,contact@renovpartners35.eu
CLI-00128,EcoGroup 87,Germany,Berlin,7 Rue de l'Energie,contact@ecogroup87.eu
CLI-00129,LumiPro 42,FR,Nantes,,contact@lumipro42.eu
CLI-00130,SunEurope 85,Germany,Stuttgart,12 Rue de l'Energie,contact@suneurope85.eu
CLI-00131,RenovEurope 17,DE,Stuttgart,165 Rue de l'Energie,contact@renoveurope17.eu
CLI-00132,LumiInstall 12,IT,Naples,62 Rue de l'Energie,contact@lumiinstall12.eu
CLI-00133,GreenInstall 52,france,Toulouse,168 Rue de l'Energie,contact@greeninstall52.eu
CLI-00134,ThermEurope 17,IT,Turin,95 Rue de l'Energie,contact@thermeurope17.eu
CLI-00135,SunEurope 77,BE,Liege,109 Rue de l'Energie,contact@suneurope77.eu
CLI-00136,EnerTech 66,Allemagne,Frankfurt,174 Rue de l'Energie,contact@enertech66.eu
CLI-00137,ElectraPlus 83,France,Strasbourg,112 Rue de l'Energie,contact@electraplus83.eu
CLI-00138,ThermEnergy 32,GERMANY,Munich,13 Rue de l'Energie,contact@thermenergy32.eu
CLI-00139,PowerInstall 13,GERMANY,Cologne,146 Rue de l'Energie,contact@powerinstall13.eu
CLI-00140,SolarPro 95,Espagne,Bilbao,47 Rue de l'Energie,contact@solarpro95.eu
CLI-00141,SunSystems 76,GERMANY,Stuttgart,116 Rue de l'Energie,contact@sunsystems76.eu
CLI-00142,EcoSolutions 11,Pays-Bas,Rotterdam,67 Rue de l'Energie,contact@ecosolutions11.eu
CLI-00143,PowerPro 2,DE,Berlin,118 Rue de l'Energie,contact@powerpro2.eu
CLI-00144,SunEurope 79,NL,Eindhoven,177 Rue de l'Energie,contact@suneurope79.eu
CLI-00145,SolarServices 15,France,Marseille,49 Rue de l'Energie,contact@solarservices15.eu
CLI-00146,PowerPlus 69,Spain,Barcelona,198 Rue de l'Energie,contact@powerplus69.eu
CLI-00147,GreenDirect 90, France ,Marseille,121 Rue de l'Energie,
CLI-00148,LumiInstall 7,france,Bordeaux,,contact@lumiinstall7.eu
CLI-00149,RenovEurope 77,Pays-Bas,Eindhoven,75 Rue de l'Energie,contact@renoveurope77.eu
CLI-00150,LumiPlus 63,DE,Stuttgart,136 Rue de l'Energie,
CLI-00151,ThermInstall 61,Germany,Hamburg,166 Rue de l'Energie,contact@therminstall61.eu
CLI-00152,RenovServices 61,france,Bordeaux,130 Rue de l'Energie,contact@renovservices61.eu
CLI-00153,BatDirect 85,GERMANY,Cologne,76 Rue de l'Energie,contact@batdirect85.eu
CLI-00154,ThermDirect 47,GERMANY,Stuttgart,42 Rue de l'Energie,contact@thermdirect47.eu
CLI-00155,GreenSolutions 26,Italy,Bologna,26 Rue de l'Energie,contact@greensolutions26.eu
CLI-00156,EcoPartners 7,Germany,Munich,67 Rue de l'Energie,contact@ecopartners7.eu
CLI-00157,SolarPro 44,IT,Naples,59 Rue de l'Energie,contact@solarpro44.eu
CLI-00158,InstalSystems 99,France,Nantes,143 Rue de l'Energie,contact@instalsystems99.eu
CLI-00159,LumiPlus 14,Espagne,Bilbao,113 Rue de l'Energie,contact@lumiplus14.eu
CLI-00160,InstalEurope 79,Italy,Milan,11 Rue de l'Energie,contact@instaleurope79.eu
CLI-00161,WindSolutions 94,france,Toulouse,196 Rue de l'Energie,contact@windsolutions94.eu
CLI-00162,WindSolutions 16,FR,,107 Rue de l'Energie,contact@windsolutions16.eu
CLI-00163,WindEnergy 65,Italy,Bologna,96 Rue de l'Energie,contact@windenergy65.eu
CLI-00164,GreenPartners 54,Spain,Barcelona,110 Rue de l'Energie,contact@greenpartners54.eu
CLI-00165,ElectraPlus 47,Germany,Dusseldorf,198 Rue de l'Energie,
CLI-00166,WindSystems 52,Netherlands,Amsterdam,101 Rue de l'Energie,contact@windsystems52.eu
CLI-00167,SolarPlus 92,Espagne,Bilbao,76 Rue de l'Energie,contact@solarplus92.eu
CLI-00168,RenovDirect 41,ES,Valencia,,contact@renovdirect41.eu
CLI-00169,VoltPlus 27,Belgique,Liege,159 Rue de l'Energie,contact@voltplus27.eu
CLI-00170,InstalServices 39,Belgium,Liege,,contact@instalservices39.eu
CLI-00171,ElectraPartners 37,Italy,Rome,142 Rue de l'Energie,contact@electrapartners37.eu
CLI-00172,SolarPartners 76,ES,Madrid,199 Rue de l'Energie,contact@solarpartners76.eu
CLI-00173,SolarSystems 34,Allemagne,Stuttgart,194 Rue de l'Energie,contact@solarsystems34.eu
CLI-00174,VoltSystems 31,FR,Paris,73 Rue de l'Energie,contact@voltsystems31.eu
CLI-00175,RenovInstall 67,DE,Munich,133 Rue de l'Energie,contact@renovinstall67.eu
CLI-00176,GreenDirect 55,GERMANY,Berlin,16 Rue de l'Energie,contact@greendirect55.eu
CLI-00177,WindPlus 68, France ,Lyon,133 Rue de l'Energie,contact@windplus68.eu
CLI-00178,VoltDirect 63,Espagne,Sevilla,42 Rue de l'Energie,contact@voltdirect63.eu
CLI-00179,RenovPartners 68,Spain,Barcelona,117 Rue de l'Energie,contact@renovpartners68.eu
CLI-00180,EnerEurope 53,Netherlands,Utrecht,147 Rue de l'Energie,contact@enereurope53.eu
CLI-00181,WindEnergy 38, France ,Bordeaux,,contact@windenergy38.eu
CLI-00182,SunServices 24,GERMANY,Hamburg,,contact@sunservices24.eu
CLI-00183,LumiEnergy 73, France ,Strasbourg,97 Rue de l'Energie,contact@lumienergy73.eu
CLI-00184,ElectraPlus 59,ES,Barcelona,39 Rue de l'Energie,contact@electraplus59.eu
CLI-00185,PowerInstall 30,IT,Naples,12 Rue de l'Energie,contact@powerinstall30.eu
CLI-00186,BatSolutions 91,Italy,Milan,198 Rue de l'Energie,contact@batsolutions91.eu
CLI-00187,EcoEurope 70,France,Lyon,134 Rue de l'Energie,contact@ecoeurope70.eu
CLI-00188,ThermPartners 24,Belgium,Brussels,53 Rue de l'Energie,contact@thermpartners24.eu
CLI-00189,EnerPartners 78,BE,Liege,12 Rue de l'Energie,contact@enerpartners78.eu
CLI-00190,PowerTech 68,Allemagne,Munich,24 Rue de l'Energie,contact@powertech68.eu
CLI-00191,GreenEnergy 99,France,Marseille,105 Rue de l'Energie,contact@greenenergy99.eu
CLI-00192,SolarDirect 8,NL,Rotterdam,82 Rue de l'Energie,contact@solardirect8.eu
CLI-00193,SolarServices 31,FR,Lyon,193 Rue de l'Energie,contact@solarservices31.eu
CLI-00194,VoltPartners 53,France,Nantes,105 Rue de l'Energie,contact@voltpartners53.eu
CLI-00195,EcoPartners 84,FR,Lyon,105 Rue de l'Energie,contact@ecopartners84.eu
CLI-00196,GreenSystems 70,DE,Dusseldorf,138 Rue de l'Energie,contact@greensystems70.eu
CLI-00197,SolarGroup 80,Allemagne,Berlin,43 Rue de l'Energie,
CLI-00198,SunPlus 49,Allemagne,Cologne,55 Rue de l'Energie,contact@sunplus49.eu
CLI-00199,SunPro 51,France,Lyon,186 Rue de l'Energie,contact@sunpro51.eu
CLI-00200,ElectraSystems 88,Allemagne,Cologne,193 Rue de l'Energie,contact@electrasystems88.eu
CLI-00201,WindServices 59,Espagne,Valencia,178 Rue de l'Energie,contact@windservices59.eu
CLI-00202,SolarPlus 23,ES,Madrid,179 Rue de l'Energie,contact@solarplus23.eu
CLI-00203,ThermPlus 10,Germany,Dusseldorf,172 Rue de l'Energie,contact@thermplus10.eu
CLI-00204,BatEurope 46,NL,Eindhoven,197 Rue de l'Energie,contact@bateurope46.eu
CLI-00205,EcoGroup 2,FR,Nantes,195 Rue de l'Energie,contact@ecogroup2.eu
CLI-00206,BatEurope 81,Allemagne,Berlin,57 Rue de l'Energie,contact@bateurope81.eu
CLI-00207,VoltDirect 91,DE,Hamburg,,contact@voltdirect91.eu
CLI-00208,LumiPartners 64,FR,Bordeaux,169 Rue de l'Energie,contact@lumipartners64.eu
CLI-00209,EnerEurope 17,Espagne,Barcelona,67 Rue de l'Energie,contact@enereurope17.eu
CLI-00210,EcoPlus 3,Belgique,Ghent,158 Rue de l'Energie,contact@ecoplus3.eu
CLI-00211,ThermPlus 84,Germany,Frankfurt,83 Rue de l'Energie,contact@thermplus84.eu
CLI-00212,VoltSystems 67,France,Strasbourg,58 Rue de l'Energie,contact@voltsystems67.eu
CLI-00213,SolarInstall 25,Allemagne,Hamburg,147 Rue de l'Energie,contact@solarinstall25.eu
CLI-00214,EnerServices 26,FR,Lille,17 Rue de l'Energie,contact@enerservices26.eu
CLI-00215,SolarEurope 81,Allemagne,Dusseldorf,64 Rue de l'Energie,contact@solareurope81.eu
CLI-00216,BatSystems 67,DE,Berlin,199 Rue de l'Energie,contact@batsystems67.eu
CLI-00217,LumiPro 11,France,Strasbourg,97 Rue de l'Energie,contact@lumipro11.eu
CLI-00218,SolarGroup 8,france,Marseille,111 Rue de l'Energie,contact@solargroup8.eu
CLI-00219,BatInstall 52,Germany,Hamburg,106 Rue de l'Energie,contact@batinstall52.eu
CLI-00220,VoltInstall 60,ES,Madrid,159 Rue de l'Energie,contact@voltinstall60.eu
CLI-00221,VoltPartners 43,Espagne,Madrid,27 Rue de l'Energie,
CLI-00222,LumiSolutions 82,Espagne,Barcelona,108 Rue de l'Energie,contact@lumisolutions82.eu
CLI-00223,InstalTech 8,FR,Marseille,112 Rue de l'Energie,contact@instaltech8.eu
CLI-00224,ElectraSolutions 19,GERMANY,Cologne,88 Rue de l'Energie,contact@electrasolutions19.eu
CLI-00225,ThermSolutions 8,DE,Stuttgart,144 Rue de l'Energie,contact@thermsolutions8.eu
CLI-00226,ThermServices 9,france,Toulouse,122 Rue de l'Energie,contact@thermservices9.eu
CLI-00227,BatEurope 73,ES,Valencia,108 Rue de l'Energie,contact@bateurope73.eu
CLI-00228,VoltServices 1,Belgique,Brussels,59 Rue de l'Energie,contact@voltservices1.eu
CLI-00229,BatSystems 95,GERMANY,,48 Rue de l'Energie,contact@batsystems95.eu
CLI-00230,SolarPartners 15,FR,Nantes,50 Rue de l'Energie,contact@solarpartners15.eu
CLI-00231,EcoServices 37,DE,Berlin,68 Rue de l'Energie,contact@ecoservices37.eu
CLI-00232,EcoTech 23,Allemagne,Munich,6 Rue de l'Energie,contact@ecotech23.eu
CLI-00233,WindServices 40,ES,Madrid,96 Rue de l'Energie,contact@windservices40.eu
CLI-00234,RenovPro 16,Netherlands,Eindhoven,34 Rue de l'Energie,contact@renovpro16.eu
CLI-00235,WindEurope 55,DE,Hamburg,196 Rue de l'Energie,contact@windeurope55.eu
CLI-00236,GreenSystems 32,Germany,Dusseldorf,72 Rue de l'Energie,contact@greensystems32.eu
CLI-00237,EcoDirect 11,NL,Eindhoven,158 Rue de l'Energie,contact@ecodirect11.eu
CLI-00238,WindGroup 67,IT,Naples,183 Rue de l'Energie,contact@windgroup67.eu
CLI-00239,VoltEnergy 75,ES,Sevilla,150 Rue de l'Energie,contact@voltenergy75.eu
CLI-00240,BatServices 51,Belgium,Liege,97 Rue de l'Energie,contact@batservices51.eu
CLI-00241,EnerSolutions 97,Germany,Cologne,133 Rue de l'Energie,contact@enersolutions97.eu
CLI-00242,WindInstall 58,GERMANY,Cologne,95 Rue de l'Energie,contact@windinstall58.eu
CLI-00243,VoltServices 34,Germany,Munich,22 Rue de l'Energie,contact@voltservices34.eu
CLI-00244,InstalEnergy 30,Germany,Berlin,93 Rue de l'Energie,contact@instalenergy30.eu
CLI-00245,SunEnergy 96,france,Nantes,155 Rue de l'Energie,contact@sunenergy96.eu
CLI-00246,SunTech 99,IT,Naples,89 Rue de l'Energie,contact@suntech99.eu
CLI-00247,InstalPlus 2,GERMANY,Cologne,195 Rue de l'Energie,contact@instalplus2.eu
CLI-00248,VoltServices 67, France ,Toulouse,119 Rue de l'Energie,contact@voltservices67.eu
CLI-00249,InstalDirect 54,Italy,Bologna,143 Rue de l'Energie,contact@instaldirect54.eu
CLI-00250,RenovTech 64,Belgique,Ghent,87 Rue de l'Energie,contact@renovtech64.eu
CLI-00251,SunSystems 76,Italy,Naples,9 Rue de l'Energie,contact@sunsystems76.eu
CLI-00252,LumiPlus 78,Pays-Bas,Utrecht,101 Rue de l'Energie,contact@lumiplus78.eu
CLI-00253,PowerServices 61,Germany,Cologne,116 Rue de l'Energie,contact@powerservices61.eu
CLI-00254,SolarDirect 78, France ,Marseille,,contact@solardirect78.eu
CLI-00255,EcoEnergy 85,Germany,Munich,95 Rue de l'Energie,contact@ecoenergy85.eu
CLI-00256,PowerSolutions 15,Italy,Bologna,123 Rue de l'Energie,contact@powersolutions15.eu
CLI-00257,GreenServices 40,BE,Antwerp,171 Rue de l'Energie,contact@greenservices40.eu
CLI-00258,ElectraDirect 88,NL,Rotterdam,2 Rue de l'Energie,contact@electradirect88.eu
CLI-00259,InstalServices 68,IT,Naples,126 Rue de l'Energie,contact@instalservices68.eu
CLI-00260,ThermGroup 45,Italie,Turin,77 Rue de l'Energie,contact@thermgroup45.eu
CLI-00261,EcoSolutions 80,Italie,Bologna,99 Rue de l'Energie,contact@ecosolutions80.eu
CLI-00262,RenovTech 31,DE,Frankfurt,161 Rue de l'Energie,contact@renovtech31.eu
CLI-00263,VoltInstall 98,France,Toulouse,20 Rue de l'Energie,contact@voltinstall98.eu
CLI-00264,VoltSolutions 33,Italy,Bologna,119 Rue de l'Energie,
CLI-00265,PowerSystems 96,ES,Sevilla,102 Rue de l'Energie,contact@powersystems96.eu
CLI-00266,WindPlus 96,ES,Barcelona,18 Rue de l'Energie,contact@windplus96.eu
CLI-00267,GreenGroup 36,Spain,Sevilla,5 Rue de l'Energie,contact@greengroup36.eu
CLI-00268,GreenPro 86,France,Lille,40 Rue de l'Energie,contact@greenpro86.eu
CLI-00269,EcoGroup 90,Spain,Bilbao,134 Rue de l'Energie,contact@ecogroup90.eu
CLI-00270,RenovEnergy 57,Belgium,Liege,13 Rue de l'Energie,contact@renovenergy57.eu
CLI-00271,EcoServices 12,Belgium,Ghent,4 Rue de l'Energie,contact@ecoservices12.eu
CLI-00272,EnerPlus 22,Espagne,Barcelona,107 Rue de l'Energie,contact@enerplus22.eu
CLI-00273,EcoEurope 27,GERMANY,Stuttgart,31 Rue de l'Energie,contact@ecoeurope27.eu
CLI-00274,PowerPlus 41,Germany,Berlin,118 Rue de l'Energie,contact@powerplus41.eu
CLI-00275,SolarPro 28, France ,Nantes,154 Rue de l'Energie,contact@solarpro28.eu
CLI-00276,GreenEnergy 13,Espagne,Bilbao,162 Rue de l'Energie,contact@greenenergy13.eu
CLI-00277,WindSolutions 82,Pays-Bas,Rotterdam,171 Rue de l'Energie,contact@windsolutions82.eu
CLI-00278,VoltInstall 66,Espagne,Bilbao,129 Rue de l'Energie,contact@voltinstall66.eu
CLI-00279,SunServices 95, France ,Lyon,159 Rue de l'Energie,contact@sunservices95.eu
CLI-00280,GreenInstall 27,Germany,Munich,186 Rue de l'Energie,contact@greeninstall27.eu
CLI-00281,GreenEnergy 41,Italie,Turin,11 Rue de l'Energie,contact@greenenergy41.eu
CLI-00282,InstalTech 30,Espagne,Valencia,63 Rue de l'Energie,contact@instaltech30.eu
CLI-00283,InstalPlus 90,Belgique,Antwerp,98 Rue de l'Energie,contact@instalplus90.eu
CLI-00284,BatGroup 9,Spain,Madrid,37 Rue de l'Energie,contact@batgroup9.eu
CLI-00285,EcoPartners 11, France ,Toulouse,80 Rue de l'Energie,contact@ecopartners11.eu
CLI-00286,EcoEnergy 37,GERMANY,Cologne,52 Rue de l'Energie,contact@ecoenergy37.eu
CLI-00287,PowerInstall 22, France ,Nantes,130 Rue de l'Energie,contact@powerinstall22.eu
CLI-00288,SolarInstall 55,France,Strasbourg,77 Rue de l'Energie,contact@solarinstall55.eu
CLI-00289,PowerGroup 40,ES,Valencia,144 Rue de l'Energie,contact@powergroup40.eu
CLI-00290,EcoSolutions 25,France,Strasbourg,,contact@ecosolutions25.eu
CLI-00291,PowerDirect 48,GERMANY,Frankfurt,165 Rue de l'Energie,contact@powerdirect48.eu
CLI-00292,PowerEurope 21,Belgium,Brussels,66 Rue de l'Energie,contact@powereurope21.eu
CLI-00293,VoltPlus 89,Allemagne,Stuttgart,167 Rue de l'Energie,contact@voltplus89.eu
CLI-00294,SolarSystems 81,France,Strasbourg,166 Rue de l'Energie,contact@solarsystems81.eu
CLI-00295,SunServices 78,Pays-Bas,Rotterdam,42 Rue de l'Energie,
CLI-00296,PowerDirect 76,Spain,Sevilla,49 Rue de l'Energie,contact@powerdirect76.eu
CLI-00297,SunPartners 69,GERMANY,Stuttgart,188 Rue de l'Energie,contact@sunpartners69.eu
CLI-00298,EnerPlus 74,ES,Madrid,69 Rue de l'Energie,contact@enerplus74.eu
CLI-00299,SolarSolutions 63,Germany,Hamburg,199 Rue de l'Energie,contact@solarsolutions63.eu
CLI-00300,GreenSolutions 48,Spain,Sevilla,51 Rue de l'Energie,contact@greensolutions48.eu
CLI-00301,GreenServices 8,FR,Toulouse,50 Rue de l'Energie,contact@greenservices8.eu
CLI-00302,LumiPro 82,DE,Stuttgart,22 Rue de l'Energie,contact@lumipro82.eu
CLI-00303,EcoGroup 63,Germany,Cologne,,contact@ecogroup63.eu
CLI-00304,EnerServices 67,Spain,Madrid,134 Rue de l'Energie,contact@enerservices67.eu
CLI-00305,InstalSystems 78,NL,Eindhoven,175 Rue de l'Energie,contact@instalsystems78.eu
CLI-00306,ThermInstall 49,Italie,Turin,92 Rue de l'Energie,contact@therminstall49.eu
CLI-00307,RenovSolutions 4,France,Lille,72 Rue de l'Energie,contact@renovsolutions4.eu
CLI-00308,LumiPlus 85, France ,Strasbourg,170 Rue de l'Energie,contact@lumiplus85.eu
CLI-00309,SolarPlus 47,Netherlands,Utrecht,189 Rue de l'Energie,contact@solarplus47.eu
CLI-00310,RenovEurope 11,ES,Sevilla,122 Rue de l'Energie,contact@renoveurope11.eu
CLI-00311,SunEurope 25,Belgique,Liege,134 Rue de l'Energie,contact@suneurope25.eu
CLI-00312,GreenGroup 12,ES,Madrid,141 Rue de l'Energie,contact@greengroup12.eu
CLI-00313,VoltPlus 70,Belgium,Brussels,44 Rue de l'Energie,contact@voltplus70.eu
CLI-00314,RenovTech 21,france,Lille,197 Rue de l'Energie,contact@renovtech21.eu
CLI-00315,ThermSolutions 69,Espagne,Madrid,24 Rue de l'Energie,contact@thermsolutions69.eu
CLI-00316,ThermSystems 49, France ,Lyon,144 Rue de l'Energie,contact@thermsystems49.eu
CLI-00317,EnerEnergy 12,France,Bordeaux,190 Rue de l'Energie,contact@enerenergy12.eu
CLI-00318,GreenSystems 49,Pays-Bas,Utrecht,80 Rue de l'Energie,contact@greensystems49.eu
CLI-00319,WindSystems 87,Italy,Bologna,155 Rue de l'Energie,contact@windsystems87.eu
CLI-00320,WindSolutions 38,FR,Strasbourg,117 Rue de l'Energie,contact@windsolutions38.eu
CLI-00321,LumiSystems 40,Italie,Milan,32 Rue de l'Energie,contact@lumisystems40.eu
CLI-00322,BatServices 64,Allemagne,Stuttgart,97 Rue de l'Energie,contact@batservices64.eu
CLI-00323,BatDirect 29,France,Toulouse,199 Rue de l'Energie,contact@batdirect29.eu
CLI-00324,ThermSolutions 3,GERMANY,Dusseldorf,174 Rue de l'Energie,contact@thermsolutions3.eu
CLI-00325,ElectraDirect 37,Allemagne,Berlin,50 Rue de l'Energie,contact@electradirect37.eu
CLI-00326,InstalEurope 7,france,Nantes,42 Rue de l'Energie,contact@instaleurope7.eu
CLI-00327,EcoServices 96,DE,Munich,3 Rue de l'Energie,contact@ecoservices96.eu
CLI-00328,PowerInstall 87,FR,Marseille,25 Rue de l'Energie,contact@powerinstall87.eu
CLI-00329,ElectraPlus 44,Pays-Bas,Amsterdam,39 Rue de l'Energie,contact@electraplus44.eu
CLI-00330,PowerGroup 39,FR,Toulouse,97 Rue de l'Energie,contact@powergroup39.eu
CLI-00331,InstalGroup 84,ES,,168 Rue de l'Energie,contact@instalgroup84.eu
CLI-00332,VoltPlus 86,FR,Lyon,,contact@voltplus86.eu
CLI-00333,InstalEurope 24, France ,Lyon,166 Rue de l'Energie,contact@instaleurope24.eu
CLI-00334,EnerDirect 69,FR,Nantes,180 Rue de l'Energie,
CLI-00335,ElectraGroup 9,Germany,Dusseldorf,54 Rue de l'Energie,contact@electragroup9.eu
CLI-00336,SolarPartners 58,france,Marseille,33 Rue de l'Energie,contact@solarpartners58.eu
CLI-00337,BatTech 11,France,Bordeaux,94 Rue de l'Energie,contact@battech11.eu
CLI-00338,EcoEnergy 6,Pays-Bas,Amsterdam,76 Rue de l'Energie,contact@ecoenergy6.eu
CLI-00339,WindPartners 46,DE,Stuttgart,170 Rue de l'Energie,contact@windpartners46.eu
CLI-00340,BatServices 18,FR,Bordeaux,72 Rue de l'Energie,contact@batservices18.eu
CLI-00341,SunInstall 84,FR,Bordeaux,22 Rue de l'Energie,contact@suninstall84.eu
CLI-00342,ElectraServices 10,Pays-Bas,Rotterdam,163 Rue de l'Energie,contact@electraservices10.eu
CLI-00343,ThermPartners 78,DE,Stuttgart,40 Rue de l'Energie,contact@thermpartners78.eu
CLI-00344,EcoPro 35,Germany,Cologne,176 Rue de l'Energie,contact@ecopro35.eu
CLI-00345,WindEnergy 19,Spain,Valencia,26 Rue de l'Energie,contact@windenergy19.eu
CLI-00346,InstalPro 23,Allemagne,Berlin,126 Rue de l'Energie,contact@instalpro23.eu
CLI-00347,ElectraEnergy 78,Germany,Hamburg,44 Rue de l'Energie,contact@electraenergy78.eu
CLI-00348,VoltEurope 17,france,Lille,,contact@volteurope17.eu
CLI-00349,LumiDirect 35,France,Lille,164 Rue de l'Energie,contact@lumidirect35.eu
CLI-00350,RenovGroup 24, France ,Lille,120 Rue de l'Energie,contact@renovgroup24.eu
CLI-00351,BatServices 40,Germany,Stuttgart,105 Rue de l'Energie,contact@batservices40.eu
CLI-00352,RenovServices 12,Spain,Madrid,22 Rue de l'Energie,contact@renovservices12.eu
CLI-00353,SolarInstall 87,DE,Dusseldorf,132 Rue de l'Energie,contact@solarinstall87.eu
CLI-00354,PowerTech 79,DE,Berlin,191 Rue de l'Energie,
CLI-00355,EcoDirect 85,Germany,Hamburg,44 Rue de l'Energie,contact@ecodirect85.eu
CLI-00356,GreenPro 47,DE,Munich,14 Rue de l'Energie,contact@greenpro47.eu
CLI-00357,WindPlus 32,Germany,Berlin,124 Rue de l'Energie,contact@windplus32.eu
CLI-00358,PowerServices 40,Italie,Naples,10 Rue de l'Energie,contact@powerservices40.eu
CLI-00359,WindTech 79,IT,Milan,91 Rue de l'Energie,contact@windtech79.eu
CLI-00360,WindTech 13,ES,Sevilla,22 Rue de l'Energie,contact@windtech13.eu
CLI-00361,SolarSolutions 99,Allemagne,Frankfurt,102 Rue de l'Energie,contact@solarsolutions99.eu
CLI-00362,EnerGroup 85,BE,,91 Rue de l'Energie,contact@energroup85.eu
CLI-00363,EnerServices 37,Belgium,Antwerp,108 Rue de l'Energie,contact@enerservices37.eu
CLI-00364,VoltPlus 35,France,Toulouse,141 Rue de l'Energie,contact@voltplus35.eu
CLI-00365,ElectraDirect 95, France ,Lille,28 Rue de l'Energie,contact@electradirect95.eu
CLI-00366,InstalPlus 31,Germany,Berlin,88 Rue de l'Energie,contact@instalplus31.eu
CLI-00367,SunEnergy 63,France,Strasbourg,64 Rue de l'Energie,contact@sunenergy63.eu
CLI-00368,InstalPro 34,FR,Bordeaux,110 Rue de l'Energie,contact@instalpro34.eu
CLI-00369,LumiSolutions 25,Italie,Naples,39 Rue de l'Energie,contact@lumisolutions25.eu
CLI-00370,GreenInstall 3,FR,Toulouse,14 Rue de l'Energie,contact@greeninstall3.eu
CLI-00371,EcoSystems 55,ES,Barcelona,110 Rue de l'Energie,contact@ecosystems55.eu
CLI-00372,WindDirect 54,FR,,13 Rue de l'Energie,contact@winddirect54.eu
CLI-00373,EcoEnergy 61,ES,Valencia,26 Rue de l'Energie,contact@ecoenergy61.eu
CLI-00374,SunPro 13,Germany,Hamburg,198 Rue de l'Energie,contact@sunpro13.eu
CLI-00375,RenovEurope 68,Italie,Turin,167 Rue de l'Energie,contact@renoveurope68.eu
CLI-00376,GreenPlus 96,France,Lyon,,contact@greenplus96.eu
CLI-00377,RenovGroup 13,Italy,Rome,159 Rue de l'Energie,contact@renovgroup13.eu
CLI-00378,ElectraDirect 20,Netherlands,Rotterdam,108 Rue de l'Energie,contact@electradirect20.eu
CLI-00379,WindGroup 81,Belgique,Ghent,112 Rue de l'Energie,contact@windgroup81.eu
CLI-00380,GreenEurope 36,Pays-Bas,Amsterdam,75 Rue de l'Energie,contact@greeneurope36.eu
CLI-00381,RenovInstall 64,Italie,Rome,132 Rue de l'Energie,contact@renovinstall64.eu
CLI-00382,ElectraInstall 52,Italie,Bologna,48 Rue de l'Energie,
CLI-00383,InstalPartners 59,Espagne,Madrid,135 Rue de l'Energie,contact@instalpartners59.eu
CLI-00384,ElectraPro 22,FR,Bordeaux,,contact@electrapro22.eu
CLI-00385,GreenEnergy 7,FR,,54 Rue de l'Energie,contact@greenenergy7.eu
CLI-00386,WindSystems 11,Allemagne,Cologne,105 Rue de l'Energie,contact@windsystems11.eu
CLI-00387,BatSystems 29,Pays-Bas,,46 Rue de l'Energie,contact@batsystems29.eu
CLI-00388,EnerDirect 96,Espagne,Bilbao,168 Rue de l'Energie,contact@enerdirect96.eu
CLI-00389,BatGroup 29,ES,Barcelona,149 Rue de l'Energie,contact@batgroup29.eu
CLI-00390,EcoDirect 93,GERMANY,Frankfurt,123 Rue de l'Energie,contact@ecodirect93.eu
CLI-00391,EcoEurope 63,FR,Marseille,6 Rue de l'Energie,contact@ecoeurope63.eu
CLI-00392,EcoPro 19,Italy,Naples,117 Rue de l'Energie,contact@ecopro19.eu
CLI-00393,RenovTech 78,France,,6 Rue de l'Energie,contact@renovtech78.eu
CLI-00394,GreenServices 99,Italy,Milan,161 Rue de l'Energie,contact@greenservices99.eu
CLI-00395,ElectraDirect 44,France,Lyon,123 Rue de l'Energie,contact@electradirect44.eu
CLI-00396,WindGroup 20,Italy,Turin,178 Rue de l'Energie,contact@windgroup20.eu
CLI-00397,EnerPartners 38,France,Paris,107 Rue de l'Energie,contact@enerpartners38.eu
CLI-00398,PowerSolutions 46,france,Lille,176 Rue de l'Energie,contact@powersolutions46.eu
CLI-00399,VoltSolutions 15,Italy,Milan,73 Rue de l'Energie,contact@voltsolutions15.eu
CLI-00400,SolarEurope 20,FR,Lyon,86 Rue de l'Energie,contact@solareurope20.eu
CLI-00401,LumiEnergy 45,France,Bordeaux,128 Rue de l'Energie,contact@lumienergy45.eu
CLI-00402,InstalTech 20,Italie,Milan,38 Rue de l'Energie,contact@instaltech20.eu
CLI-00403,BatPro 15,Italie,Bologna,187 Rue de l'Energie,contact@batpro15.eu
CLI-00404,InstalInstall 46,NL,Rotterdam,124 Rue de l'Energie,contact@instalinstall46.eu
CLI-00405,GreenPlus 32,IT,Turin,128 Rue de l'Energie,contact@greenplus32.eu
CLI-00406,PowerPro 75,GERMANY,Munich,199 Rue de l'Energie,contact@powerpro75.eu
CLI-00407,WindTech 27,Spain,Barcelona,122 Rue de l'Energie,contact@windtech27.eu
CLI-00408,WindSolutions 38, France ,Nantes,142 Rue de l'Energie,contact@windsolutions38.eu
CLI-00409,SolarDirect 18,France,Toulouse,181 Rue de l'Energie,contact@solardirect18.eu
CLI-00410,WindTech 90,Spain,Sevilla,19 Rue de l'Energie,contact@windtech90.eu
CLI-00411,WindSolutions 11,FR,Marseille,146 Rue de l'Energie,contact@windsolutions11.eu
CLI-00412,RenovSolutions 96,Italie,Bologna,77 Rue de l'Energie,contact@renovsolutions96.eu
CLI-00413,RenovTech 37,Germany,Stuttgart,165 Rue de l'Energie,contact@renovtech37.eu
CLI-00414,PowerInstall 88,GERMANY,Berlin,67 Rue de l'Energie,contact@powerinstall88.eu
CLI-00415,GreenEnergy 12,Espagne,Sevilla,33 Rue de l'Energie,contact@greenenergy12.eu
CLI-00416,GreenDirect 72,France,Lille,120 Rue de l'Energie,contact@greendirect72.eu
CLI-00417,GreenTech 48,GERMANY,Frankfurt,28 Rue de l'Energie,contact@greentech48.eu
CLI-00418,SolarServices 37,Italy,,17 Rue de l'Energie,contact@solarservices37.eu
CLI-00419,ElectraServices 82,Belgium,Antwerp,22 Rue de l'Energie,contact@electraservices82.eu
CLI-00420,VoltTech 7,Allemagne,Dusseldorf,80 Rue de l'Energie,
CLI-00421,ElectraServices 41, France ,Lille,34 Rue de l'Energie,contact@electraservices41.eu
CLI-00422,ElectraPro 65,DE,Stuttgart,,contact@electrapro65.eu
CLI-00423,SunSolutions 20,Belgique,Brussels,161 Rue de l'Energie,contact@sunsolutions20.eu
CLI-00424,InstalDirect 21,Belgique,Antwerp,187 Rue de l'Energie,contact@instaldirect21.eu
CLI-00425,InstalSolutions 44,IT,Bologna,111 Rue de l'Energie,contact@instalsolutions44.eu
CLI-00426,EcoEurope 78,Spain,Barcelona,146 Rue de l'Energie,contact@ecoeurope78.eu
CLI-00427,InstalEnergy 71,Italy,Rome,117 Rue de l'Energie,contact@instalenergy71.eu
CLI-00428,LumiSystems 46,France,Bordeaux,182 Rue de l'Energie,contact@lumisystems46.eu
CLI-00429,InstalGroup 84,DE,Hamburg,146 Rue de l'Energie,contact@instalgroup84.eu
CLI-00430,BatEurope 88,FR,Lille,132 Rue de l'Energie,contact@bateurope88.eu
CLI-00431,PowerPartners 58,Allemagne,Stuttgart,175 Rue de l'Energie,contact@powerpartners58.eu
CLI-00432,RenovPartners 2,FR,Toulouse,75 Rue de l'Energie,contact@renovpartners2.eu
CLI-00433,PowerGroup 86,Italy,Rome,120 Rue de l'Energie,contact@powergroup86.eu
CLI-00434,GreenDirect 14,GERMANY,Berlin,52 Rue de l'Energie,contact@greendirect14.eu
CLI-00435,VoltServices 90,GERMANY,Cologne,117 Rue de l'Energie,contact@voltservices90.eu
CLI-00436,EcoSystems 73,Germany,Stuttgart,199 Rue de l'Energie,contact@ecosystems73.eu
CLI-00437,VoltServices 7,DE,Frankfurt,195 Rue de l'Energie,contact@voltservices7.eu
CLI-00438,GreenPro 36,ES,Madrid,183 Rue de l'Energie,contact@greenpro36.eu
CLI-00439,GreenTech 12, France ,Bordeaux,193 Rue de l'Energie,contact@greentech12.eu
CLI-00440,VoltPartners 89,Netherlands,Eindhoven,112 Rue de l'Energie,contact@voltpartners89.eu
CLI-00441,ElectraEurope 26,Germany,Berlin,149 Rue de l'Energie,contact@electraeurope26.eu
CLI-00442,SolarSolutions 59,Netherlands,Utrecht,82 Rue de l'Energie,contact@solarsolutions59.eu
CLI-00443,RenovTech 58,DE,Cologne,164 Rue de l'Energie,contact@renovtech58.eu
CLI-00444,PowerDirect 70,FR,Toulouse,56 Rue de l'Energie,contact@powerdirect70.eu
CLI-00445,WindSystems 3,NL,Amsterdam,129 Rue de l'Energie,contact@windsystems3.eu
CLI-00446,PowerInstall 46,Allemagne,Frankfurt,110 Rue de l'Energie,contact@powerinstall46.eu
CLI-00447,VoltInstall 48,FR,Marseille,42 Rue de l'Energie,contact@voltinstall48.eu
CLI-00448,ThermEnergy 90,Italie,Bologna,26 Rue de l'Energie,contact@thermenergy90.eu
CLI-00449,LumiInstall 14, France ,Paris,160 Rue de l'Energie,contact@lumiinstall14.eu
CLI-00450,InstalTech 86,Allemagne,Cologne,55 Rue de l'Energie,contact@instaltech86.eu
CLI-00451,BatGroup 16,Allemagne,Munich,119 Rue de l'Energie,contact@batgroup16.eu
CLI-00452,SolarSystems 29,Espagne,Sevilla,169 Rue de l'Energie,contact@solarsystems29.eu
CLI-00453,ThermServices 1,IT,Bologna,,
CLI-00454,BatDirect 77,IT,Naples,147 Rue de l'Energie,contact@batdirect77.eu
CLI-00455,LumiPlus 51,Netherlands,Rotterdam,148 Rue de l'Energie,contact@lumiplus51.eu
CLI-00456,GreenInstall 41,DE,Stuttgart,26 Rue de l'Energie,contact@greeninstall41.eu
CLI-00457,BatPlus 34,FR,,53 Rue de l'Energie,contact@batplus34.eu
CLI-00458,SolarEurope 91,France,Marseille,7 Rue de l'Energie,contact@solareurope91.eu
CLI-00459,InstalSystems 24,DE,Stuttgart,57 Rue de l'Energie,contact@instalsystems24.eu
CLI-00460,InstalEnergy 85,France,Lille,37 Rue de l'Energie,contact@instalenergy85.eu
CLI-00461,EnerGroup 77,Germany,Berlin,73 Rue de l'Energie,contact@energroup77.eu
CLI-00462,BatServices 51,France,Nantes,6 Rue de l'Energie,contact@batservices51.eu
CLI-00463,ThermInstall 49,ES,Barcelona,116 Rue de l'Energie,contact@therminstall49.eu
CLI-00464,ThermEurope 81,France,Marseille,88 Rue de l'Energie,contact@thermeurope81.eu
CLI-00465,SolarSolutions 67,Espagne,,32 Rue de l'Energie,contact@solarsolutions67.eu
CLI-00466,EcoSystems 15,FR,Marseille,,contact@ecosystems15.eu
CLI-00467,SunEnergy 62,Spain,Barcelona,90 Rue de l'Energie,contact@sunenergy62.eu
CLI-00468,VoltInstall 66,GERMANY,Dusseldorf,65 Rue de l'Energie,contact@voltinstall66.eu
CLI-00469,PowerPro 75,Belgique,Ghent,53 Rue de l'Energie,contact@powerpro75.eu
CLI-00470,LumiDirect 35,BE,Liege,156 Rue de l'Energie,contact@lumidirect35.eu
CLI-00471,BatPro 58,DE,Stuttgart,131 Rue de l'Energie,contact@batpro58.eu
CLI-00472,WindInstall 4,Spain,Bilbao,83 Rue de l'Energie,contact@windinstall4.eu
CLI-00473,ThermSystems 48,FR,Toulouse,32 Rue de l'Energie,
CLI-00474,VoltEurope 42,Spain,Barcelona,99 Rue de l'Energie,contact@volteurope42.eu
CLI-00475,RenovEurope 86,France,Bordeaux,166 Rue de l'Energie,contact@renoveurope86.eu
CLI-00476,EcoServices 7,GERMANY,Hamburg,71 Rue de l'Energie,contact@ecoservices7.eu
CLI-00477,LumiInstall 31,France,Nantes,165 Rue de l'Energie,contact@lumiinstall31.eu
CLI-00478,SunSolutions 52,France,Strasbourg,136 Rue de l'Energie,contact@sunsolutions52.eu
CLI-00479,BatInstall 93,france,Lyon,193 Rue de l'Energie,contact@batinstall93.eu
CLI-00480,LumiTech 51,IT,Bologna,117 Rue de l'Energie,contact@lumitech51.eu
CLI-00481,LumiPro 4,Belgium,Ghent,,
CLI-00482,RenovInstall 29,DE,Stuttgart,186 Rue de l'Energie,contact@renovinstall29.eu
CLI-00483,RenovTech 34,Belgium,Brussels,78 Rue de l'Energie,contact@renovtech34.eu
CLI-00484,SunDirect 22,Spain,Sevilla,31 Rue de l'Energie,contact@sundirect22.eu
CLI-00485,ThermGroup 86,Italy,Bologna,62 Rue de l'Energie,contact@thermgroup86.eu
CLI-00486,InstalDirect 62,Netherlands,Utrecht,197 Rue de l'Energie,contact@instaldirect62.eu
CLI-00487,EcoPlus 83,DE,Dusseldorf,20 Rue de l'Energie,contact@ecoplus83.eu
CLI-00488,VoltInstall 25, France ,Toulouse,54 Rue de l'Energie,contact@voltinstall25.eu
CLI-00489,InstalEnergy 91,GERMANY,Hamburg,130 Rue de l'Energie,contact@instalenergy91.eu
CLI-00490,VoltEurope 66,Belgium,Liege,49 Rue de l'Energie,contact@volteurope66.eu
CLI-00491,ThermPro 19,ES,,191 Rue de l'Energie,contact@thermpro19.eu
CLI-00492,SolarGroup 85,GERMANY,Hamburg,31 Rue de l'Energie,contact@solargroup85.eu
CLI-00493,PowerPartners 56,Allemagne,Munich,70 Rue de l'Energie,contact@powerpartners56.eu
CLI-00494,EcoEnergy 25,GERMANY,Frankfurt,71 Rue de l'Energie,contact@ecoenergy25.eu
CLI-00495,SolarPlus 32,Germany,Stuttgart,14 Rue de l'Energie,contact@solarplus32.eu
CLI-00496,SunServices 80, France ,Lyon,26 Rue de l'Energie,contact@sunservices80.eu
CLI-00497,EcoSolutions 27,ES,Sevilla,181 Rue de l'Energie,contact@ecosolutions27.eu
CLI-00498,RenovEnergy 89,FR,Strasbourg,175 Rue de l'Energie,contact@renovenergy89.eu
CLI-00499,SolarPlus 61,BE,Antwerp,46 Rue de l'Energie,contact@solarplus61.eu
CLI-00500,LumiSystems 61,France,Paris,64 Rue de l'Energie,contact@lumisystems61.eu
CLI-00501,BatServices 68,FR,Bordeaux,199 Rue de l'Energie,contact@batservices68.eu
CLI-00502,VoltDirect 45,Italie,Bologna,125 Rue de l'Energie,contact@voltdirect45.eu
CLI-00503,RenovSystems 67,Italie,Turin,153 Rue de l'Energie,contact@renovsystems67.eu
CLI-00504,SolarSolutions 53,DE,Stuttgart,37 Rue de l'Energie,contact@solarsolutions53.eu
CLI-00505,PowerSystems 27,Germany,Stuttgart,97 Rue de l'Energie,contact@powersystems27.eu
CLI-00506,ElectraSolutions 34,Belgique,Liege,85 Rue de l'Energie,contact@electrasolutions34.eu
CLI-00507,EcoTech 75,Pays-Bas,Utrecht,157 Rue de l'Energie,contact@ecotech75.eu
CLI-00508,InstalSystems 37,Germany,Dusseldorf,128 Rue de l'Energie,contact@instalsystems37.eu
CLI-00509,SunEurope 72,Espagne,Bilbao,125 Rue de l'Energie,contact@suneurope72.eu
CLI-00510,EcoEnergy 76,France,Paris,79 Rue de l'Energie,
CLI-00511,SunSolutions 45,IT,Milan,129 Rue de l'Energie,contact@sunsolutions45.eu
CLI-00512,RenovEnergy 19,FR,Lyon,21 Rue de l'Energie,contact@renovenergy19.eu
CLI-00513,InstalPlus 82,NL,Rotterdam,26 Rue de l'Energie,contact@instalplus82.eu
CLI-00514,LumiInstall 87,ES,Barcelona,36 Rue de l'Energie,contact@lumiinstall87.eu
CLI-00515,SunEnergy 11,france,Toulouse,161 Rue de l'Energie,contact@sunenergy11.eu
CLI-00516,EnerSolutions 68,IT,Bologna,129 Rue de l'Energie,contact@enersolutions68.eu
CLI-00517,VoltInstall 53,GERMANY,Frankfurt,,contact@voltinstall53.eu
CLI-00518,GreenEurope 39,DE,Dusseldorf,96 Rue de l'Energie,contact@greeneurope39.eu
CLI-00519,SolarInstall 17,GERMANY,Hamburg,119 Rue de l'Energie,contact@solarinstall17.eu
CLI-00520,EnerTech 35,Germany,Berlin,25 Rue de l'Energie,contact@enertech35.eu
CLI-00521,EnerDirect 75,Espagne,Madrid,184 Rue de l'Energie,contact@enerdirect75.eu
CLI-00522,GreenServices 87,FR,Strasbourg,80 Rue de l'Energie,contact@greenservices87.eu
CLI-00523,RenovServices 15,Italy,Naples,,contact@renovservices15.eu
CLI-00524,EnerGroup 4, France ,Toulouse,32 Rue de l'Energie,contact@energroup4.eu
CLI-00525,BatPartners 34, France ,Toulouse,158 Rue de l'Energie,contact@batpartners34.eu
CLI-00526,BatDirect 85,FR,Marseille,190 Rue de l'Energie,contact@batdirect85.eu
CLI-00527,ThermPro 76,GERMANY,Hamburg,71 Rue de l'Energie,contact@thermpro76.eu
CLI-00528,BatInstall 19,France,,31 Rue de l'Energie,contact@batinstall19.eu
CLI-00529,ThermPlus 80,GERMANY,Stuttgart,,contact@thermplus80.eu
CLI-00530,VoltEnergy 2,DE,Stuttgart,129 Rue de l'Energie,contact@voltenergy2.eu
CLI-00531,EnerSolutions 84,DE,Cologne,185 Rue de l'Energie,contact@enersolutions84.eu
CLI-00532,SunPlus 39,IT,Rome,166 Rue de l'Energie,contact@sunplus39.eu
CLI-00533,LumiDirect 65,Espagne,Barcelona,34 Rue de l'Energie,contact@lumidirect65.eu
CLI-00534,LumiInstall 9,Spain,Bilbao,,contact@lumiinstall9.eu
CLI-00535,ThermGroup 42,Spain,Sevilla,188 Rue de l'Energie,contact@thermgroup42.eu
CLI-00536,InstalInstall 9,Belgium,Liege,30 Rue de l'Energie,contact@instalinstall9.eu
CLI-00537,LumiPlus 4,DE,Hamburg,179 Rue de l'Energie,contact@lumiplus4.eu
CLI-00538,EcoServices 33,ES,Bilbao,74 Rue de l'Energie,contact@ecoservices33.eu
CLI-00539,InstalServices 12,Germany,Cologne,172 Rue de l'Energie,contact@instalservices12.eu
CLI-00540,WindInstall 73,France,Paris,175 Rue de l'Energie,contact@windinstall73.eu
CLI-00541,EcoServices 74,ES,Sevilla,92 Rue de l'Energie,contact@ecoservices74.eu
CLI-00542,VoltInstall 81, France ,Lyon,146 Rue de l'Energie,contact@voltinstall81.eu
CLI-00543,VoltServices 7,france,Lyon,,contact@voltservices7.eu
CLI-00544,RenovSystems 9,Italy,Bologna,20 Rue de l'Energie,contact@renovsystems9.eu
CLI-00545,ElectraEnergy 52,Germany,Cologne,29 Rue de l'Energie,contact@electraenergy52.eu
CLI-00546,SolarSystems 54,NL,Amsterdam,196 Rue de l'Energie,contact@solarsystems54.eu
CLI-00547,InstalPlus 8,Italy,Turin,145 Rue de l'Energie,contact@instalplus8.eu
CLI-00548,WindPro 54,Italie,Milan,21 Rue de l'Energie,contact@windpro54.eu
CLI-00549,EnerTech 64,FR,Paris,111 Rue de l'Energie,contact@enertech64.eu
CLI-00550,SolarTech 4,Belgium,Antwerp,98 Rue de l'Energie,contact@solartech4.eu
CLI-00551,PowerInstall 90,DE,Berlin,110 Rue de l'Energie,contact@powerinstall90.eu
CLI-00552,WindServices 44, France ,Nantes,61 Rue de l'Energie,contact@windservices44.eu
CLI-00553,InstalTech 93,FR,Paris,20 Rue de l'Energie,contact@instaltech93.eu
CLI-00554,WindEurope 84,FR,Nantes,34 Rue de l'Energie,contact@windeurope84.eu
CLI-00555,EnerEnergy 70,FR,Lyon,189 Rue de l'Energie,contact@enerenergy70.eu
CLI-00556,RenovEnergy 47,Italie,Bologna,168 Rue de l'Energie,contact@renovenergy47.eu
CLI-00557,ElectraPro 7,Allemagne,Cologne,181 Rue de l'Energie,contact@electrapro7.eu
CLI-00558,BatPartners 30,france,Marseille,54 Rue de l'Energie,contact@batpartners30.eu
CLI-00559,EcoDirect 57,Italie,Milan,30 Rue de l'Energie,
CLI-00560,SunPro 8,france,Lille,99 Rue de l'Energie,contact@sunpro8.eu
CLI-00561,EcoServices 49,DE,Berlin,137 Rue de l'Energie,contact@ecoservices49.eu
CLI-00562,SolarEurope 97,Allemagne,Hamburg,68 Rue de l'Energie,contact@solareurope97.eu
CLI-00563,RenovEurope 56,IT,Turin,189 Rue de l'Energie,contact@renoveurope56.eu
CLI-00564,ThermEnergy 69,GERMANY,Stuttgart,185 Rue de l'Energie,contact@thermenergy69.eu
CLI-00565,VoltDirect 31,FR,Lille,72 Rue de l'Energie,contact@voltdirect31.eu
CLI-00566,InstalPartners 38,france,Toulouse,10 Rue de l'Energie,contact@instalpartners38.eu
CLI-00567,SolarPro 40,Espagne,Bilbao,68 Rue de l'Energie,contact@solarpro40.eu
CLI-00568,VoltTech 46, France ,Paris,143 Rue de l'Energie,contact@volttech46.eu
CLI-00569,LumiPartners 41,Netherlands,Utrecht,67 Rue de l'Energie,contact@lumipartners41.eu
CLI-00570,EcoPlus 23,Belgium,Antwerp,168 Rue de l'Energie,contact@ecoplus23.eu
CLI-00571,LumiSystems 6,FR,Strasbourg,183 Rue de l'Energie,contact@lumisystems6.eu
CLI-00572,ElectraDirect 6,FR,Nantes,20 Rue de l'Energie,contact@electradirect6.eu
CLI-00573,WindEurope 48, France ,Toulouse,110 Rue de l'Energie,contact@windeurope48.eu
CLI-00574,WindSystems 53,Allemagne,Dusseldorf,76 Rue de l'Energie,contact@windsystems53.eu
CLI-00575,LumiTech 14,FR,Marseille,131 Rue de l'Energie,contact@lumitech14.eu
CLI-00576,EcoInstall 75,Italy,Turin,39 Rue de l'Energie,contact@ecoinstall75.eu
CLI-00577,EcoEurope 65, France ,Lyon,32 Rue de l'Energie,contact@ecoeurope65.eu
CLI-00578,ThermPartners 67, France ,Strasbourg,50 Rue de l'Energie,contact@thermpartners67.eu
CLI-00579,InstalSystems 30, France ,Toulouse,30 Rue de l'Energie,contact@instalsystems30.eu
CLI-00580,WindPro 46,Pays-Bas,Eindhoven,93 Rue de l'Energie,contact@windpro46.eu
CLI-00581,EcoEurope 17,DE,Frankfurt,105 Rue de l'Energie,contact@ecoeurope17.eu
CLI-00582,WindSystems 16,Spain,Valencia,130 Rue de l'Energie,contact@windsystems16.eu
CLI-00583,GreenGroup 2,Spain,Barcelona,68 Rue de l'Energie,contact@greengroup2.eu
CLI-00584,GreenTech 56,Germany,Berlin,19 Rue de l'Energie,contact@greentech56.eu
CLI-00585,WindSolutions 52,Belgique,Liege,183 Rue de l'Energie,contact@windsolutions52.eu
CLI-00586,LumiEurope 79,Italy,Turin,12 Rue de l'Energie,contact@lumieurope79.eu
CLI-00587,ThermGroup 95,NL,Eindhoven,123 Rue de l'Energie,contact@thermgroup95.eu
CLI-00588,BatPartners 11,Spain,Bilbao,152 Rue de l'Energie,contact@batpartners11.eu
CLI-00589,VoltSolutions 66,Allemagne,Hamburg,25 Rue de l'Energie,contact@voltsolutions66.eu
CLI-00590,SunSystems 50,france,Lille,37 Rue de l'Energie,contact@sunsystems50.eu
CLI-00591,PowerPartners 36,Belgique,Antwerp,81 Rue de l'Energie,contact@powerpartners36.eu
CLI-00592,VoltGroup 29,FR,Bordeaux,67 Rue de l'Energie,contact@voltgroup29.eu
CLI-00593,GreenPro 27,Belgique,Ghent,194 Rue de l'Energie,contact@greenpro27.eu
CLI-00594,SolarGroup 4,france,Toulouse,147 Rue de l'Energie,contact@solargroup4.eu
CLI-00595,SunPro 92,France,Strasbourg,111 Rue de l'Energie,contact@sunpro92.eu
CLI-00596,RenovPlus 15,france,Bordeaux,191 Rue de l'Energie,contact@renovplus15.eu
CLI-00597,WindEnergy 59,Germany,Cologne,81 Rue de l'Energie,contact@windenergy59.eu
CLI-00598,EcoPartners 85,France,Nantes,161 Rue de l'Energie,
CLI-00599,ThermServices 34,GERMANY,Munich,48 Rue de l'Energie,contact@thermservices34.eu
CLI-00600,ElectraDirect 96,FR,Lyon,,contact@electradirect96.eu
CLI-00601,SolarInstall 89,france,Marseille,162 Rue de l'Energie,contact@solarinstall89.eu
CLI-00602,GreenEnergy 30,Allemagne,Stuttgart,126 Rue de l'Energie,contact@greenenergy30.eu
CLI-00603,SunPro 29,Germany,Frankfurt,194 Rue de l'Energie,contact@sunpro29.eu
CLI-00604,ThermInstall 15,DE,Munich,82 Rue de l'Energie,contact@therminstall15.eu
CLI-00605,InstalGroup 63,GERMANY,Munich,8 Rue de l'Energie,contact@instalgroup63.eu
CLI-00606,SolarPartners 99,BE,Liege,82 Rue de l'Energie,contact@solarpartners99.eu
CLI-00607,SolarEnergy 63,DE,Hamburg,12 Rue de l'Energie,contact@solarenergy63.eu
CLI-00608,ElectraServices 81,Germany,Munich,158 Rue de l'Energie,contact@electraservices81.eu
CLI-00609,SolarInstall 12,Allemagne,Stuttgart,197 Rue de l'Energie,contact@solarinstall12.eu
CLI-00610,WindPartners 26,FR,Toulouse,102 Rue de l'Energie,contact@windpartners26.eu
CLI-00611,WindInstall 28,Italie,,4 Rue de l'Energie,contact@windinstall28.eu
CLI-00612,ElectraInstall 63,Netherlands,Amsterdam,78 Rue de l'Energie,
CLI-00613,SunDirect 16,ES,Madrid,34 Rue de l'Energie,contact@sundirect16.eu
CLI-00614,EnerPartners 93,Belgique,Brussels,107 Rue de l'Energie,
CLI-00615,EnerDirect 76,GERMANY,Munich,156 Rue de l'Energie,contact@enerdirect76.eu
CLI-00616,SolarEnergy 36,GERMANY,Stuttgart,68 Rue de l'Energie,contact@solarenergy36.eu
CLI-00617,EnerServices 53,Allemagne,Frankfurt,180 Rue de l'Energie,contact@enerservices53.eu
CLI-00618,RenovInstall 48,France,Strasbourg,148 Rue de l'Energie,contact@renovinstall48.eu
CLI-00619,VoltEurope 14,france,Nantes,162 Rue de l'Energie,contact@volteurope14.eu
CLI-00620,LumiServices 11,FR,Strasbourg,122 Rue de l'Energie,contact@lumiservices11.eu
CLI-00621,InstalGroup 33,IT,Milan,87 Rue de l'Energie,contact@instalgroup33.eu
CLI-00622,PowerTech 35,Espagne,Bilbao,144 Rue de l'Energie,contact@powertech35.eu
CLI-00623,EcoSystems 60,GERMANY,Stuttgart,190 Rue de l'Energie,contact@ecosystems60.eu
CLI-00624,PowerSolutions 97,France,Lyon,192 Rue de l'Energie,contact@powersolutions97.eu
CLI-00625,SolarInstall 64,Belgium,Brussels,135 Rue de l'Energie,contact@solarinstall64.eu
CLI-00626,SolarEnergy 16,GERMANY,Frankfurt,185 Rue de l'Energie,contact@solarenergy16.eu
CLI-00627,WindEurope 84,DE,Cologne,134 Rue de l'Energie,contact@windeurope84.eu
CLI-00628,ElectraEurope 33,NL,Utrecht,85 Rue de l'Energie,contact@electraeurope33.eu
CLI-00629,GreenPartners 92,IT,Rome,,contact@greenpartners92.eu
CLI-00630,SunDirect 25,FR,Paris,138 Rue de l'Energie,contact@sundirect25.eu
CLI-00631,GreenPro 45,Espagne,,58 Rue de l'Energie,contact@greenpro45.eu
CLI-00632,BatInstall 75,france,Bordeaux,197 Rue de l'Energie,contact@batinstall75.eu
CLI-00633,EcoPro 76,DE,Stuttgart,56 Rue de l'Energie,contact@ecopro76.eu
CLI-00634,WindEurope 99,france,Lille,189 Rue de l'Energie,contact@windeurope99.eu
CLI-00635,SolarServices 28,Germany,Munich,158 Rue de l'Energie,contact@solarservices28.eu
CLI-00636,EnerTech 18,Belgique,Ghent,109 Rue de l'Energie,contact@enertech18.eu
CLI-00637,EcoPartners 51,GERMANY,Berlin,181 Rue de l'Energie,contact@ecopartners51.eu
CLI-00638,EnerEurope 28,DE,Cologne,72 Rue de l'Energie,contact@enereurope28.eu
CLI-00639,RenovEnergy 88,Germany,Frankfurt,112 Rue de l'Energie,contact@renovenergy88.eu
CLI-00640,InstalPlus 45,Belgique,Liege,158 Rue de l'Energie,contact@instalplus45.eu
CLI-00641,WindSolutions 96,Netherlands,,93 Rue de l'Energie,contact@windsolutions96.eu
CLI-00642,WindEnergy 65,Germany,Berlin,9 Rue de l'Energie,contact@windenergy65.eu
CLI-00643,RenovEnergy 36,Germany,Stuttgart,8 Rue de l'Energie,contact@renovenergy36.eu
CLI-00644,VoltSolutions 61,Pays-Bas,Eindhoven,193 Rue de l'Energie,contact@voltsolutions61.eu
CLI-00645,RenovSolutions 91,DE,Cologne,34 Rue de l'Energie,contact@renovsolutions91.eu
CLI-00646,ThermDirect 8,france,Strasbourg,140 Rue de l'Energie,contact@thermdirect8.eu
CLI-00647,WindPlus 41,Espagne,Madrid,151 Rue de l'Energie,contact@windplus41.eu
CLI-00648,PowerPlus 86,France,Lille,195 Rue de l'Energie,contact@powerplus86.eu
CLI-00649,SolarEnergy 78,FR,Strasbourg,105 Rue de l'Energie,contact@solarenergy78.eu
CLI-00650,SunEnergy 72,IT,Milan,120 Rue de l'Energie,contact@sunenergy72.eu
CLI-00651,EnerPro 12,DE,Frankfurt,48 Rue de l'Energie,contact@enerpro12.eu
CLI-00652,InstalTech 28,france,Marseille,186 Rue de l'Energie,contact@instaltech28.eu
CLI-00653,RenovDirect 17,ES,Barcelona,181 Rue de l'Energie,contact@renovdirect17.eu
CLI-00654,EcoServices 35,DE,Frankfurt,76 Rue de l'Energie,contact@ecoservices35.eu
CLI-00655,LumiSystems 45, France ,Nantes,176 Rue de l'Energie,contact@lumisystems45.eu
CLI-00656,GreenPartners 73,Italy,Bologna,112 Rue de l'Energie,contact@greenpartners73.eu
CLI-00657,WindDirect 65,Italie,Rome,69 Rue de l'Energie,contact@winddirect65.eu
CLI-00658,SunTech 15,FR,Strasbourg,120 Rue de l'Energie,contact@suntech15.eu
CLI-00659,SolarSystems 90,Germany,Cologne,3 Rue de l'Energie,contact@solarsystems90.eu
CLI-00660,GreenSystems 40,DE,Berlin,48 Rue de l'Energie,contact@greensystems40.eu
CLI-00661,LumiDirect 56,Espagne,Bilbao,63 Rue de l'Energie,contact@lumidirect56.eu
CLI-00662,PowerEnergy 6,DE,Stuttgart,130 Rue de l'Energie,contact@powerenergy6.eu
CLI-00663,LumiTech 21,FR,Lille,153 Rue de l'Energie,contact@lumitech21.eu
CLI-00664,GreenPlus 43,France,Marseille,80 Rue de l'Energie,contact@greenplus43.eu
CLI-00665,GreenGroup 1,DE,Frankfurt,45 Rue de l'Energie,contact@greengroup1.eu
CLI-00666,PowerPro 93,FR,Toulouse,143 Rue de l'Energie,contact@powerpro93.eu
CLI-00667,EnerGroup 71,GERMANY,Hamburg,121 Rue de l'Energie,contact@energroup71.eu
CLI-00668,PowerSolutions 41,Spain,Madrid,84 Rue de l'Energie,contact@powersolutions41.eu
CLI-00669,LumiInstall 69,Italy,Bologna,172 Rue de l'Energie,contact@lumiinstall69.eu
CLI-00670,InstalServices 48,france,Marseille,1 Rue de l'Energie,contact@instalservices48.eu
CLI-00671,GreenGroup 25,Belgium,Antwerp,112 Rue de l'Energie,contact@greengroup25.eu
CLI-00672,SunEnergy 50, France ,Marseille,,contact@sunenergy50.eu
CLI-00673,VoltPro 45,France,,104 Rue de l'Energie,contact@voltpro45.eu
CLI-00674,ElectraInstall 88,GERMANY,Cologne,,contact@electrainstall88.eu
CLI-00675,SunInstall 34,Germany,Berlin,116 Rue de l'Energie,contact@suninstall34.eu
CLI-00676,WindPro 23,ES,Bilbao,99 Rue de l'Energie,contact@windpro23.eu
CLI-00677,EcoPartners 79, France ,Bordeaux,119 Rue de l'Energie,contact@ecopartners79.eu
CLI-00678,SolarEurope 88,Allemagne,Hamburg,87 Rue de l'Energie,contact@solareurope88.eu
CLI-00679,GreenEnergy 46, France ,Bordeaux,,contact@greenenergy46.eu
CLI-00680,RenovTech 69,Espagne,Valencia,45 Rue de l'Energie,contact@renovtech69.eu
CLI-00681,PowerEnergy 45,ES,Sevilla,63 Rue de l'Energie,contact@powerenergy45.eu
CLI-00682,SolarPro 42,NL,Eindhoven,,contact@solarpro42.eu
CLI-00683,PowerPartners 93,Italy,Milan,164 Rue de l'Energie,contact@powerpartners93.eu
CLI-00684,RenovPlus 96,France,Bordeaux,111 Rue de l'Energie,contact@renovplus96.eu
CLI-00685,LumiPartners 70,DE,Hamburg,13 Rue de l'Energie,contact@lumipartners70.eu
CLI-00686,SunDirect 89,Italy,Bologna,172 Rue de l'Energie,contact@sundirect89.eu
CLI-00687,SunTech 53,FR,Bordeaux,,contact@suntech53.eu
CLI-00688,EnerServices 29,France,Nantes,57 Rue de l'Energie,contact@enerservices29.eu
CLI-00689,LumiInstall 82,Espagne,Sevilla,100 Rue de l'Energie,contact@lumiinstall82.eu
CLI-00690,WindGroup 20,GERMANY,Hamburg,128 Rue de l'Energie,contact@windgroup20.eu
CLI-00691,PowerTech 85,Espagne,Valencia,162 Rue de l'Energie,contact@powertech85.eu
CLI-00692,SunEnergy 97,france,Nantes,120 Rue de l'Energie,
CLI-00693,LumiInstall 54,France,Nantes,73 Rue de l'Energie,contact@lumiinstall54.eu
CLI-00694,PowerEurope 16,France,Marseille,55 Rue de l'Energie,contact@powereurope16.eu
CLI-00695,InstalDirect 52, France ,Marseille,56 Rue de l'Energie,contact@instaldirect52.eu
CLI-00696,ThermPro 86,Allemagne,Hamburg,137 Rue de l'Energie,contact@thermpro86.eu
CLI-00697,SunGroup 21,DE,Frankfurt,1 Rue de l'Energie,contact@sungroup21.eu
CLI-00698,ThermPro 50,GERMANY,,106 Rue de l'Energie,contact@thermpro50.eu
CLI-00699,LumiEurope 94, France ,Lyon,84 Rue de l'Energie,contact@lumieurope94.eu
CLI-00700,WindTech 96,Espagne,Madrid,168 Rue de l'Energie,contact@windtech96.eu
CLI-00701,VoltSystems 93,FR,Marseille,183 Rue de l'Energie,contact@voltsystems93.eu
CLI-00702,EcoEurope 60, France ,Paris,155 Rue de l'Energie,contact@ecoeurope60.eu
CLI-00703,ElectraPlus 15,france,Strasbourg,41 Rue de l'Energie,contact@electraplus15.eu
CLI-00704,ThermPlus 53, France ,Paris,19 Rue de l'Energie,contact@thermplus53.eu
CLI-00705,RenovEurope 83,Belgique,Brussels,113 Rue de l'Energie,contact@renoveurope83.eu
CLI-00706,BatDirect 99,France,Lille,184 Rue de l'Energie,contact@batdirect99.eu
CLI-00707,EnerPro 19,Allemagne,Dusseldorf,149 Rue de l'Energie,contact@enerpro19.eu
CLI-00708,ThermSystems 19,FR,Lille,54 Rue de l'Energie,contact@thermsystems19.eu
CLI-00709,RenovGroup 97,Spain,Sevilla,88 Rue de l'Energie,contact@renovgroup97.eu
CLI-00710,LumiEnergy 77,Italy,,38 Rue de l'Energie,contact@lumienergy77.eu
CLI-00711,RenovEnergy 40,Belgique,Ghent,163 Rue de l'Energie,contact@renovenergy40.eu
CLI-00712,RenovDirect 17,Spain,Barcelona,99 Rue de l'Energie,contact@renovdirect17.eu
CLI-00713,SunSolutions 75,Italy,Naples,185 Rue de l'Energie,contact@sunsolutions75.eu
CLI-00714,LumiSolutions 45,DE,Frankfurt,129 Rue de l'Energie,contact@lumisolutions45.eu
CLI-00715,ThermSolutions 68,BE,Liege,98 Rue de l'Energie,
CLI-00716,EcoServices 20,Allemagne,Hamburg,187 Rue de l'Energie,contact@ecoservices20.eu
CLI-00717,LumiPlus 2,DE,Frankfurt,94 Rue de l'Energie,contact@lumiplus2.eu
CLI-00718,ElectraPro 35,France,Nantes,15 Rue de l'Energie,contact@electrapro35.eu
CLI-00719,RenovPlus 32,FR,Marseille,117 Rue de l'Energie,contact@renovplus32.eu
CLI-00720,EnerDirect 25,France,Bordeaux,34 Rue de l'Energie,contact@enerdirect25.eu
CLI-00721,VoltPro 69,France,Strasbourg,163 Rue de l'Energie,contact@voltpro69.eu
CLI-00722,EcoPro 70,DE,Frankfurt,77 Rue de l'Energie,contact@ecopro70.eu
CLI-00723,RenovGroup 83,Belgium,Brussels,163 Rue de l'Energie,contact@renovgroup83.eu
CLI-00724,LumiEnergy 64,FR,Lille,124 Rue de l'Energie,contact@lumienergy64.eu
CLI-00725,WindEnergy 87,france,Toulouse,29 Rue de l'Energie,contact@windenergy87.eu
CLI-00726,ElectraGroup 64,DE,Hamburg,195 Rue de l'Energie,contact@electragroup64.eu
CLI-00727,WindPlus 88,Belgique,Liege,50 Rue de l'Energie,contact@windplus88.eu
CLI-00728,WindPartners 61,France,Bordeaux,157 Rue de l'Energie,contact@windpartners61.eu
CLI-00729,InstalInstall 22,DE,Munich,41 Rue de l'Energie,contact@instalinstall22.eu
CLI-00730,InstalInstall 93,Allemagne,Cologne,68 Rue de l'Energie,contact@instalinstall93.eu
CLI-00731,SunSystems 94,Allemagne,Munich,81 Rue de l'Energie,contact@sunsystems94.eu
CLI-00732,SolarInstall 8,GERMANY,Frankfurt,36 Rue de l'Energie,contact@solarinstall8.eu
CLI-00733,EcoPlus 92,france,Toulouse,96 Rue de l'Energie,
CLI-00734,ElectraDirect 26,DE,Cologne,113 Rue de l'Energie,contact@electradirect26.eu
CLI-00735,RenovGroup 93, France ,Nantes,12 Rue de l'Energie,contact@renovgroup93.eu
CLI-00736,EcoEnergy 78,Pays-Bas,Eindhoven,26 Rue de l'Energie,contact@ecoenergy78.eu
CLI-00737,SunPro 61,DE,Frankfurt,19 Rue de l'Energie,contact@sunpro61.eu
CLI-00738,BatSolutions 76,Allemagne,Munich,144 Rue de l'Energie,contact@batsolutions76.eu
CLI-00739,ThermEnergy 72,Allemagne,Dusseldorf,36 Rue de l'Energie,contact@thermenergy72.eu
CLI-00740,BatSystems 99,IT,Turin,55 Rue de l'Energie,contact@batsystems99.eu
CLI-00741,EcoPlus 91,Allemagne,Hamburg,192 Rue de l'Energie,contact@ecoplus91.eu
CLI-00742,PowerGroup 7,Espagne,Sevilla,132 Rue de l'Energie,contact@powergroup7.eu
CLI-00743,InstalPartners 63,NL,Utrecht,163 Rue de l'Energie,contact@instalpartners63.eu
CLI-00744,ElectraSolutions 66,France,Lyon,120 Rue de l'Energie,contact@electrasolutions66.eu
CLI-00745,BatEnergy 60,IT,Bologna,190 Rue de l'Energie,contact@batenergy60.eu
CLI-00746,VoltPartners 89, France ,,103 Rue de l'Energie,contact@voltpartners89.eu
CLI-00747,SolarServices 42,IT,Milan,58 Rue de l'Energie,contact@solarservices42.eu
CLI-00748,ThermServices 99,Allemagne,Stuttgart,184 Rue de l'Energie,contact@thermservices99.eu
CLI-00749,SunSolutions 13,Italy,Rome,11 Rue de l'Energie,contact@sunsolutions13.eu
CLI-00750,BatSystems 30,Pays-Bas,Utrecht,78 Rue de l'Energie,contact@batsystems30.eu
CLI-00751,InstalSystems 4,FR,Toulouse,113 Rue de l'Energie,contact@instalsystems4.eu
CLI-00752,PowerTech 58, France ,Toulouse,53 Rue de l'Energie,contact@powertech58.eu
CLI-00753,ElectraEurope 93,France,Marseille,54 Rue de l'Energie,contact@electraeurope93.eu
CLI-00754,PowerServices 27,Spain,Valencia,93 Rue de l'Energie,contact@powerservices27.eu
CLI-00755,SolarInstall 54,NL,Amsterdam,26 Rue de l'Energie,contact@solarinstall54.eu
CLI-00756,BatPlus 39,Italy,Bologna,22 Rue de l'Energie,contact@batplus39.eu
CLI-00757,SunDirect 83,BE,Brussels,,contact@sundirect83.eu
CLI-00758,GreenDirect 61,France,Marseille,54 Rue de l'Energie,contact@greendirect61.eu
CLI-00759,BatSolutions 54,DE,Frankfurt,133 Rue de l'Energie,contact@batsolutions54.eu
CLI-00760,WindPro 21,Italy,Rome,79 Rue de l'Energie,contact@windpro21.eu
CLI-00761,WindTech 4,IT,Naples,,contact@windtech4.eu
CLI-00762,SolarPartners 49,FR,Lille,4 Rue de l'Energie,contact@solarpartners49.eu
CLI-00763,EnerGroup 60,GERMANY,Berlin,138 Rue de l'Energie,contact@energroup60.eu
CLI-00764,SunGroup 61,IT,Milan,169 Rue de l'Energie,contact@sungroup61.eu
CLI-00765,VoltGroup 96,Espagne,Madrid,57 Rue de l'Energie,contact@voltgroup96.eu
CLI-00766,RenovPro 92, France ,Lyon,158 Rue de l'Energie,contact@renovpro92.eu
CLI-00767,WindDirect 60,france,Bordeaux,34 Rue de l'Energie,contact@winddirect60.eu
CLI-00768,RenovInstall 81,France,Paris,47 Rue de l'Energie,
CLI-00769,GreenInstall 42,Italy,Rome,124 Rue de l'Energie,contact@greeninstall42.eu
CLI-00770,VoltServices 59,Belgique,Liege,113 Rue de l'Energie,contact@voltservices59.eu
CLI-00771,WindSolutions 33,IT,Turin,125 Rue de l'Energie,contact@windsolutions33.eu
CLI-00772,InstalPartners 34,France,Nantes,110 Rue de l'Energie,contact@instalpartners34.eu
CLI-00773,VoltPro 16,france,Toulouse,89 Rue de l'Energie,contact@voltpro16.eu
CLI-00774,BatPartners 24,NL,Amsterdam,131 Rue de l'Energie,contact@batpartners24.eu
CLI-00775,EcoDirect 96,france,Paris,200 Rue de l'Energie,contact@ecodirect96.eu
CLI-00776,ElectraSystems 70,DE,Dusseldorf,136 Rue de l'Energie,contact@electrasystems70.eu
CLI-00777,EcoDirect 20,Espagne,Bilbao,157 Rue de l'Energie,contact@ecodirect20.eu
CLI-00778,SunInstall 67, France ,Lille,120 Rue de l'Energie,contact@suninstall67.eu
CLI-00779,SunDirect 72,france,Lyon,188 Rue de l'Energie,contact@sundirect72.eu
CLI-00780,GreenSolutions 62,FR,Lille,63 Rue de l'Energie,contact@greensolutions62.eu
CLI-00781,EcoServices 45,Germany,Cologne,71 Rue de l'Energie,contact@ecoservices45.eu
CLI-00782,ThermSolutions 27,ES,,71 Rue de l'Energie,contact@thermsolutions27.eu
CLI-00783,ElectraPro 99, France ,Bordeaux,113 Rue de l'Energie,contact@electrapro99.eu
CLI-00784,GreenPro 97,Italie,Bologna,70 Rue de l'Energie,contact@greenpro97.eu
CLI-00785,EnerPlus 60,IT,Turin,182 Rue de l'Energie,contact@enerplus60.eu
CLI-00786,ElectraPro 12,Italie,Rome,154 Rue de l'Energie,contact@electrapro12.eu
CLI-00787,BatDirect 56,IT,Bologna,27 Rue de l'Energie,contact@batdirect56.eu
CLI-00788,SunPlus 66,ES,Valencia,65 Rue de l'Energie,contact@sunplus66.eu
CLI-00789,EcoEurope 64,FR,Strasbourg,171 Rue de l'Energie,contact@ecoeurope64.eu
CLI-00790,ElectraEurope 73,IT,Bologna,171 Rue de l'Energie,contact@electraeurope73.eu
CLI-00791,LumiPro 16,Spain,Madrid,173 Rue de l'Energie,contact@lumipro16.eu
CLI-00792,WindPlus 57,IT,Milan,134 Rue de l'Energie,contact@windplus57.eu
CLI-00793,ThermTech 28,Italie,Bologna,162 Rue de l'Energie,contact@thermtech28.eu
CLI-00794,RenovGroup 33,BE,Brussels,89 Rue de l'Energie,contact@renovgroup33.eu
CLI-00795,WindGroup 90,france,Paris,42 Rue de l'Energie,contact@windgroup90.eu
CLI-00796,RenovInstall 97,Allemagne,Hamburg,45 Rue de l'Energie,contact@renovinstall97.eu
CLI-00797,ElectraDirect 30,Allemagne,Cologne,26 Rue de l'Energie,contact@electradirect30.eu
CLI-00798,VoltPlus 24,GERMANY,Cologne,182 Rue de l'Energie,contact@voltplus24.eu
CLI-00799,InstalSolutions 22,Allemagne,Hamburg,,contact@instalsolutions22.eu
CLI-00800,ElectraEnergy 97,DE,Stuttgart,179 Rue de l'Energie,contact@electraenergy97.eu
CLI-00801,BatEnergy 19,Espagne,Sevilla,91 Rue de l'Energie,contact@batenergy19.eu
CLI-00802,LumiEurope 11,france,Bordeaux,114 Rue de l'Energie,contact@lumieurope11.eu
CLI-00803,SolarGroup 29,FR,Bordeaux,58 Rue de l'Energie,contact@solargroup29.eu
CLI-00804,EcoTech 79, France ,Bordeaux,107 Rue de l'Energie,contact@ecotech79.eu
CLI-00805,BatPartners 75, France ,Marseille,100 Rue de l'Energie,contact@batpartners75.eu
CLI-00806,PowerSystems 47,Netherlands,Utrecht,92 Rue de l'Energie,contact@powersystems47.eu
CLI-00807,RenovServices 69,DE,Dusseldorf,130 Rue de l'Energie,contact@renovservices69.eu
CLI-00808,RenovSystems 92,FR,Toulouse,148 Rue de l'Energie,contact@renovsystems92.eu
CLI-00809,PowerPro 22,Germany,Cologne,144 Rue de l'Energie,contact@powerpro22.eu
CLI-00810,GreenPro 88,Allemagne,Stuttgart,185 Rue de l'Energie,contact@greenpro88.eu
CLI-00811,RenovEurope 63,BE,Brussels,35 Rue de l'Energie,contact@renoveurope63.eu
CLI-00812,RenovPlus 39,Allemagne,Cologne,131 Rue de l'Energie,contact@renovplus39.eu
CLI-00813,LumiSystems 1,Germany,Stuttgart,92 Rue de l'Energie,contact@lumisystems1.eu
CLI-00814,ElectraInstall 94,FR,Lyon,64 Rue de l'Energie,contact@electrainstall94.eu
CLI-00815,SolarPlus 64,Pays-Bas,Rotterdam,23 Rue de l'Energie,contact@solarplus64.eu
CLI-00816,InstalInstall 49,Espagne,Sevilla,88 Rue de l'Energie,contact@instalinstall49.eu
CLI-00817,SunGroup 12,FR,Lille,52 Rue de l'Energie,contact@sungroup12.eu
CLI-00818,VoltPro 68,ES,Valencia,,contact@voltpro68.eu
CLI-00819,EnerSolutions 1,France,,,contact@enersolutions1.eu
CLI-00820,BatPro 23,Belgium,Ghent,128 Rue de l'Energie,contact@batpro23.eu
CLI-00821,ThermSolutions 77,Allemagne,Dusseldorf,113 Rue de l'Energie,contact@thermsolutions77.eu
CLI-00822,BatGroup 4,France,Marseille,31 Rue de l'Energie,contact@batgroup4.eu
CLI-00823,ThermSolutions 76,FR,Nantes,128 Rue de l'Energie,contact@thermsolutions76.eu
CLI-00824,VoltPlus 71,ES,Valencia,30 Rue de l'Energie,contact@voltplus71.eu
CLI-00825,EcoGroup 25, France ,Marseille,,contact@ecogroup25.eu
CLI-00826,ThermDirect 97,Germany,Dusseldorf,24 Rue de l'Energie,contact@thermdirect97.eu
CLI-00827,RenovPartners 67,GERMANY,Cologne,165 Rue de l'Energie,contact@renovpartners67.eu
CLI-00828,SunPlus 55,GERMANY,Munich,22 Rue de l'Energie,contact@sunplus55.eu
CLI-00829,LumiInstall 40,GERMANY,Frankfurt,198 Rue de l'Energie,contact@lumiinstall40.eu
CLI-00830,EcoPro 40,FR,,190 Rue de l'Energie,contact@ecopro40.eu
CLI-00831,EcoSystems 69,Netherlands,Eindhoven,176 Rue de l'Energie,contact@ecosystems69.eu
CLI-00832,ElectraSystems 88,Germany,Munich,26 Rue de l'Energie,contact@electrasystems88.eu
CLI-00833,EnerDirect 27, France ,Nantes,164 Rue de l'Energie,contact@enerdirect27.eu
CLI-00834,EnerEnergy 1,DE,Stuttgart,85 Rue de l'Energie,contact@enerenergy1.eu
CLI-00835,BatInstall 6,Italy,Turin,64 Rue de l'Energie,contact@batinstall6.eu
CLI-00836,EcoPlus 95,BE,Ghent,3 Rue de l'Energie,contact@ecoplus95.eu
CLI-00837,BatGroup 33,France,Toulouse,102 Rue de l'Energie,contact@batgroup33.eu
CLI-00838,EnerPlus 15,France,Toulouse,126 Rue de l'Energie,contact@enerplus15.eu
CLI-00839,ThermDirect 89, France ,Bordeaux,74 Rue de l'Energie,contact@thermdirect89.eu
CLI-00840,PowerServices 12, France ,Lyon,133 Rue de l'Energie,contact@powerservices12.eu
CLI-00841,SolarInstall 24,France,Toulouse,18 Rue de l'Energie,contact@solarinstall24.eu
CLI-00842,VoltEurope 99,Germany,Munich,129 Rue de l'Energie,contact@volteurope99.eu
CLI-00843,SolarEurope 2,FR,Nantes,65 Rue de l'Energie,contact@solareurope2.eu
CLI-00844,PowerInstall 20,france,Paris,58 Rue de l'Energie,contact@powerinstall20.eu
CLI-00845,SolarGroup 9,Spain,Sevilla,74 Rue de l'Energie,contact@solargroup9.eu
CLI-00846,EnerPlus 9,NL,Amsterdam,5 Rue de l'Energie,contact@enerplus9.eu
CLI-00847,SolarSolutions 14,Pays-Bas,Utrecht,98 Rue de l'Energie,
CLI-00848,EnerServices 98,Germany,Cologne,19 Rue de l'Energie,
CLI-00849,ThermInstall 37,GERMANY,Cologne,192 Rue de l'Energie,contact@therminstall37.eu
CLI-00850,VoltSolutions 59,france,Strasbourg,74 Rue de l'Energie,contact@voltsolutions59.eu
CLI-00851,GreenSystems 95,Netherlands,Utrecht,77 Rue de l'Energie,contact@greensystems95.eu
CLI-00852,BatServices 52,Spain,Bilbao,91 Rue de l'Energie,contact@batservices52.eu
CLI-00853,RenovGroup 57,BE,Liege,87 Rue de l'Energie,contact@renovgroup57.eu
CLI-00854,EcoServices 92,Spain,Barcelona,187 Rue de l'Energie,contact@ecoservices92.eu
CLI-00855,WindPlus 40,Belgium,Liege,121 Rue de l'Energie,contact@windplus40.eu
CLI-00856,InstalEurope 53,Germany,Dusseldorf,87 Rue de l'Energie,contact@instaleurope53.eu
CLI-00857,PowerSolutions 57,Germany,Cologne,99 Rue de l'Energie,contact@powersolutions57.eu
CLI-00858,ThermInstall 74,Netherlands,Rotterdam,82 Rue de l'Energie,contact@therminstall74.eu
CLI-00859,WindEurope 98,France,,17 Rue de l'Energie,contact@windeurope98.eu
CLI-00860,WindPro 41,BE,Brussels,39 Rue de l'Energie,contact@windpro41.eu
CLI-00861,LumiGroup 61,france,Nantes,75 Rue de l'Energie,contact@lumigroup61.eu
CLI-00862,GreenInstall 16, France ,Marseille,142 Rue de l'Energie,contact@greeninstall16.eu
CLI-00863,EnerPlus 19, France ,Toulouse,11 Rue de l'Energie,contact@enerplus19.eu
CLI-00864,InstalTech 76,Allemagne,Munich,150 Rue de l'Energie,contact@instaltech76.eu
CLI-00865,ThermEurope 45,france,Strasbourg,95 Rue de l'Energie,contact@thermeurope45.eu
CLI-00866,GreenPro 86,DE,Frankfurt,83 Rue de l'Energie,contact@greenpro86.eu
CLI-00867,LumiGroup 3,Italie,Turin,107 Rue de l'Energie,contact@lumigroup3.eu
CLI-00868,ElectraTech 63,france,Bordeaux,14 Rue de l'Energie,contact@electratech63.eu
CLI-00869,WindTech 35, France ,Lille,86 Rue de l'Energie,contact@windtech35.eu
CLI-00870,RenovEurope 3,NL,Amsterdam,121 Rue de l'Energie,contact@renoveurope3.eu
CLI-00871,WindSystems 66,ES,Sevilla,88 Rue de l'Energie,contact@windsystems66.eu
CLI-00872,VoltEnergy 35,France,Toulouse,172 Rue de l'Energie,contact@voltenergy35.eu
CLI-00873,EnerTech 17,Germany,Cologne,46 Rue de l'Energie,contact@enertech17.eu
CLI-00874,BatPro 2,Italie,Milan,,contact@batpro2.eu
CLI-00875,LumiPlus 59,Espagne,Barcelona,171 Rue de l'Energie,contact@lumiplus59.eu
CLI-00876,RenovPro 24,Spain,Barcelona,24 Rue de l'Energie,
CLI-00877,RenovPro 50,france,Paris,50 Rue de l'Energie,contact@renovpro50.eu
CLI-00878,VoltEnergy 94,Pays-Bas,Rotterdam,16 Rue de l'Energie,contact@voltenergy94.eu
CLI-00879,SunSolutions 70,FR,Toulouse,180 Rue de l'Energie,contact@sunsolutions70.eu
CLI-00880,GreenInstall 82,Italie,Rome,106 Rue de l'Energie,contact@greeninstall82.eu
CLI-00881,WindDirect 31,Germany,Dusseldorf,175 Rue de l'Energie,contact@winddirect31.eu
CLI-00882,VoltSystems 94,France,Lyon,111 Rue de l'Energie,contact@voltsystems94.eu
CLI-00883,RenovPlus 12,ES,Madrid,93 Rue de l'Energie,contact@renovplus12.eu
CLI-00884,RenovSystems 58,NL,Utrecht,123 Rue de l'Energie,contact@renovsystems58.eu
CLI-00885,RenovServices 30,DE,Cologne,,contact@renovservices30.eu
CLI-00886,BatInstall 60,GERMANY,Dusseldorf,37 Rue de l'Energie,contact@batinstall60.eu
CLI-00887,InstalSystems 49,Pays-Bas,Rotterdam,94 Rue de l'Energie,
CLI-00888,GreenEurope 24,Spain,Barcelona,101 Rue de l'Energie,contact@greeneurope24.eu
CLI-00889,PowerSolutions 39,france,Strasbourg,125 Rue de l'Energie,contact@powersolutions39.eu
CLI-00890,GreenGroup 86,Germany,Dusseldorf,28 Rue de l'Energie,contact@greengroup86.eu
CLI-00891,GreenServices 67,GERMANY,Hamburg,107 Rue de l'Energie,contact@greenservices67.eu
CLI-00892,ThermEnergy 88,Espagne,Valencia,32 Rue de l'Energie,contact@thermenergy88.eu
CLI-00893,InstalDirect 17,Allemagne,Hamburg,122 Rue de l'Energie,contact@instaldirect17.eu
CLI-00894,WindDirect 30,Allemagne,Munich,122 Rue de l'Energie,contact@winddirect30.eu
CLI-00895,RenovServices 17,Allemagne,Hamburg,147 Rue de l'Energie,contact@renovservices17.eu
CLI-00896,BatServices 63,Espagne,Barcelona,5 Rue de l'Energie,contact@batservices63.eu
CLI-00897,LumiSystems 11,GERMANY,Munich,187 Rue de l'Energie,contact@lumisystems11.eu
CLI-00898,RenovSolutions 47,Italy,Turin,58 Rue de l'Energie,contact@renovsolutions47.eu
CLI-00899,ElectraSolutions 35,IT,Bologna,81 Rue de l'Energie,contact@electrasolutions35.eu
CLI-00900,LumiEurope 16,IT,Rome,189 Rue de l'Energie,contact@lumieurope16.eu
CLI-00901,InstalInstall 55,Germany,,53 Rue de l'Energie,contact@instalinstall55.eu
CLI-00902,EnerSystems 60,Spain,Sevilla,98 Rue de l'Energie,contact@enersystems60.eu
CLI-00903,SunGroup 36,Italy,Milan,117 Rue de l'Energie,contact@sungroup36.eu
CLI-00904,EnerTech 42,GERMANY,Berlin,81 Rue de l'Energie,contact@enertech42.eu
CLI-00905,ThermSystems 51,FR,Lille,195 Rue de l'Energie,contact@thermsystems51.eu
CLI-00906,SolarPartners 8,DE,Cologne,18 Rue de l'Energie,contact@solarpartners8.eu
CLI-00907,EnerSystems 46,france,Toulouse,88 Rue de l'Energie,contact@enersystems46.eu
CLI-00908,PowerPlus 51,DE,Cologne,23 Rue de l'Energie,contact@powerplus51.eu
CLI-00909,EcoServices 8,France,Bordeaux,179 Rue de l'Energie,contact@ecoservices8.eu
CLI-00910,GreenSolutions 65,france,Toulouse,194 Rue de l'Energie,contact@greensolutions65.eu
CLI-00911,VoltTech 86,GERMANY,Hamburg,11 Rue de l'Energie,contact@volttech86.eu
CLI-00912,SolarSystems 90,France,Strasbourg,95 Rue de l'Energie,contact@solarsystems90.eu
CLI-00913,ElectraTech 81,Allemagne,Munich,96 Rue de l'Energie,contact@electratech81.eu
CLI-00914,WindServices 42,france,,167 Rue de l'Energie,contact@windservices42.eu
CLI-00915,InstalInstall 27,Spain,Bilbao,100 Rue de l'Energie,contact@instalinstall27.eu
CLI-00916,InstalEurope 95,Belgique,Antwerp,177 Rue de l'Energie,contact@instaleurope95.eu
CLI-00917,VoltTech 83,Italie,,65 Rue de l'Energie,contact@volttech83.eu
CLI-00918,BatSystems 27, France ,Marseille,100 Rue de l'Energie,contact@batsystems27.eu
CLI-00919,GreenGroup 62,Allemagne,Dusseldorf,171 Rue de l'Energie,contact@greengroup62.eu
CLI-00920,BatTech 80,Spain,Madrid,71 Rue de l'Energie,contact@battech80.eu
CLI-00921,GreenPro 7,Allemagne,Cologne,49 Rue de l'Energie,contact@greenpro7.eu
CLI-00922,PowerPlus 3,Allemagne,Hamburg,31 Rue de l'Energie,contact@powerplus3.eu
CLI-00923,EnerPlus 96,Pays-Bas,Rotterdam,122 Rue de l'Energie,contact@enerplus96.eu
CLI-00924,BatEurope 89,Espagne,Sevilla,6 Rue de l'Energie,contact@bateurope89.eu
CLI-00925,EcoPro 51,Italie,Rome,10 Rue de l'Energie,contact@ecopro51.eu
CLI-00926,LumiTech 85,Germany,Berlin,72 Rue de l'Energie,contact@lumitech85.eu
CLI-00927,SolarPlus 35,FR,Bordeaux,115 Rue de l'Energie,contact@solarplus35.eu
CLI-00928,ElectraDirect 63,FR,Lille,191 Rue de l'Energie,contact@electradirect63.eu
CLI-00929,BatGroup 70,Spain,Sevilla,96 Rue de l'Energie,contact@batgroup70.eu
CLI-00930,WindInstall 23,GERMANY,Stuttgart,89 Rue de l'Energie,contact@windinstall23.eu
CLI-00931,ThermPartners 53,ES,Sevilla,23 Rue de l'Energie,contact@thermpartners53.eu
CLI-00932,ThermGroup 58,DE,Hamburg,88 Rue de l'Energie,contact@thermgroup58.eu
CLI-00933,WindPartners 81,Espagne,Bilbao,147 Rue de l'Energie,contact@windpartners81.eu
CLI-00934,EnerInstall 15,France,Lille,148 Rue de l'Energie,
CLI-00935,RenovServices 88,Espagne,Barcelona,126 Rue de l'Energie,contact@renovservices88.eu
CLI-00936,PowerPartners 85,IT,Naples,90 Rue de l'Energie,contact@powerpartners85.eu
CLI-00937,ThermPlus 59,Netherlands,,193 Rue de l'Energie,contact@thermplus59.eu
CLI-00938,InstalPro 64,Italy,Naples,178 Rue de l'Energie,contact@instalpro64.eu
CLI-00939,EcoPartners 82,Germany,Dusseldorf,49 Rue de l'Energie,
CLI-00940,BatPlus 10,France,Marseille,31 Rue de l'Energie,contact@batplus10.eu
CLI-00941,LumiEnergy 44,GERMANY,Stuttgart,78 Rue de l'Energie,contact@lumienergy44.eu
CLI-00942,LumiTech 87,GERMANY,Cologne,128 Rue de l'Energie,contact@lumitech87.eu
CLI-00943,InstalPartners 99,Spain,Sevilla,151 Rue de l'Energie,contact@instalpartners99.eu
CLI-00944,SolarInstall 5,NL,Eindhoven,23 Rue de l'Energie,contact@solarinstall5.eu
CLI-00945,VoltInstall 96,france,Lyon,121 Rue de l'Energie,contact@voltinstall96.eu
CLI-00946,EcoEurope 53,Italy,Bologna,,contact@ecoeurope53.eu
CLI-00947,VoltPro 65,Italy,Naples,179 Rue de l'Energie,contact@voltpro65.eu
CLI-00948,SolarEnergy 75,Germany,Stuttgart,126 Rue de l'Energie,contact@solarenergy75.eu
CLI-00949,SunEurope 43,IT,Milan,40 Rue de l'Energie,contact@suneurope43.eu
CLI-00950,SolarInstall 96,DE,Munich,12 Rue de l'Energie,contact@solarinstall96.eu
CLI-00951,EcoDirect 57,Belgique,Liege,30 Rue de l'Energie,contact@ecodirect57.eu
CLI-00952,LumiTech 57,IT,Naples,179 Rue de l'Energie,contact@lumitech57.eu
CLI-00953,ThermPartners 14,BE,Ghent,72 Rue de l'Energie,contact@thermpartners14.eu
CLI-00954,SunPlus 46, France ,Lyon,63 Rue de l'Energie,contact@sunplus46.eu
CLI-00955,EnerEurope 24,FR,Marseille,140 Rue de l'Energie,contact@enereurope24.eu
CLI-00956,LumiInstall 15,France,Marseille,38 Rue de l'Energie,contact@lumiinstall15.eu
CLI-00957,SolarPartners 2,Germany,,69 Rue de l'Energie,contact@solarpartners2.eu
CLI-00958,WindServices 62,Belgium,Antwerp,122 Rue de l'Energie,contact@windservices62.eu
CLI-00959,GreenPlus 17,FR,Lyon,18 Rue de l'Energie,contact@greenplus17.eu
CLI-00960,EcoPlus 97, France ,Marseille,93 Rue de l'Energie,contact@ecoplus97.eu
CLI-00961,PowerTech 42,GERMANY,Dusseldorf,,contact@powertech42.eu
CLI-00962,BatServices 96,DE,Cologne,131 Rue de l'Energie,contact@batservices96.eu
CLI-00963,EcoEurope 67,IT,Rome,20 Rue de l'Energie,contact@ecoeurope67.eu
CLI-00964,RenovSolutions 99,France,Lyon,101 Rue de l'Energie,contact@renovsolutions99.eu
CLI-00965,SunPartners 78,NL,Utrecht,121 Rue de l'Energie,contact@sunpartners78.eu
CLI-00966,VoltSystems 12,Belgique,Antwerp,88 Rue de l'Energie,contact@voltsystems12.eu
CLI-00967,SunEnergy 77,FR,Bordeaux,83 Rue de l'Energie,contact@sunenergy77.eu
CLI-00968,EcoSystems 67,GERMANY,Hamburg,154 Rue de l'Energie,contact@ecosystems67.eu
CLI-00969,InstalDirect 38,Italy,Rome,93 Rue de l'Energie,contact@instaldirect38.eu
CLI-00970,LumiPartners 23,France,Strasbourg,75 Rue de l'Energie,contact@lumipartners23.eu
CLI-00971,GreenPlus 64,IT,Turin,124 Rue de l'Energie,contact@greenplus64.eu
CLI-00972,GreenEnergy 78,Germany,Hamburg,97 Rue de l'Energie,contact@greenenergy78.eu
CLI-00973,InstalEnergy 64, France ,Toulouse,141 Rue de l'Energie,contact@instalenergy64.eu
CLI-00974,SunTech 55,GERMANY,Munich,122 Rue de l'Energie,contact@suntech55.eu
CLI-00975,WindTech 6,France,Lyon,141 Rue de l'Energie,contact@windtech6.eu
CLI-00976,EcoTech 85,France,Lille,,contact@ecotech85.eu
CLI-00977,EcoServices 29,france,Lille,91 Rue de l'Energie,contact@ecoservices29.eu
CLI-00978,InstalServices 22,GERMANY,Hamburg,158 Rue de l'Energie,
CLI-00979,SunGroup 16,Germany,Cologne,105 Rue de l'Energie,contact@sungroup16.eu
CLI-00980,EcoEnergy 14,France,Marseille,79 Rue de l'Energie,contact@ecoenergy14.eu
CLI-00981,EcoServices 13,Italy,Bologna,114 Rue de l'Energie,contact@ecoservices13.eu
CLI-00982,InstalInstall 3,Allemagne,Cologne,173 Rue de l'Energie,contact@instalinstall3.eu
CLI-00983,SolarGroup 65,GERMANY,Hamburg,156 Rue de l'Energie,contact@solargroup65.eu
CLI-00984,GreenInstall 27,FR,Lille,104 Rue de l'Energie,contact@greeninstall27.eu
CLI-00985,LumiGroup 4,Belgique,Liege,63 Rue de l'Energie,contact@lumigroup4.eu
CLI-00986,PowerEurope 45,ES,Madrid,126 Rue de l'Energie,contact@powereurope45.eu
CLI-00987,SunSystems 30,Allemagne,Frankfurt,67 Rue de l'Energie,contact@sunsystems30.eu
CLI-00988,LumiPartners 26,Italy,Naples,94 Rue de l'Energie,contact@lumipartners26.eu
CLI-00989,EnerEurope 90,Espagne,Barcelona,21 Rue de l'Energie,contact@enereurope90.eu
CLI-00990,BatInstall 36,FR,Marseille,80 Rue de l'Energie,contact@batinstall36.eu
CLI-00991,LumiPlus 95,Belgium,Brussels,121 Rue de l'Energie,contact@lumiplus95.eu
CLI-00992,LumiDirect 10,France,Toulouse,69 Rue de l'Energie,contact@lumidirect10.eu
CLI-00993,ElectraSystems 93,FR,,48 Rue de l'Energie,contact@electrasystems93.eu
CLI-00994,ElectraTech 65,Italie,Turin,101 Rue de l'Energie,contact@electratech65.eu
CLI-00995,EcoEurope 48,france,Marseille,117 Rue de l'Energie,contact@ecoeurope48.eu
CLI-00996,EnerInstall 18,France,Paris,136 Rue de l'Energie,contact@enerinstall18.eu
CLI-00997,RenovInstall 68,GERMANY,Cologne,134 Rue de l'Energie,contact@renovinstall68.eu
CLI-00998,InstalEnergy 68,ES,Sevilla,128 Rue de l'Energie,contact@instalenergy68.eu
CLI-00999,BatEnergy 15, France ,Nantes,77 Rue de l'Energie,contact@batenergy15.eu
CLI-01000,EcoInstall 82,FR,Paris,152 Rue de l'Energie,contact@ecoinstall82.eu
CLI-01001,PowerServices 19,Spain,Valencia,113 Rue de l'Energie,contact@powerservices19.eu
CLI-01002,EcoGroup 17,ES,Valencia,63 Rue de l'Energie,contact@ecogroup17.eu
CLI-01003,WindTech 45,BE,Ghent,168 Rue de l'Energie,contact@windtech45.eu
CLI-01004,SolarGroup 9,france,Strasbourg,80 Rue de l'Energie,contact@solargroup9.eu
CLI-01005,RenovDirect 72,NL,Rotterdam,131 Rue de l'Energie,contact@renovdirect72.eu
CLI-01006,WindEurope 59,france,Lille,73 Rue de l'Energie,contact@windeurope59.eu
CLI-01007,InstalGroup 56,Espagne,Sevilla,,contact@instalgroup56.eu
CLI-01008,GreenInstall 43,GERMANY,Berlin,163 Rue de l'Energie,contact@greeninstall43.eu
CLI-01009,LumiInstall 36,BE,Brussels,12 Rue de l'Energie,contact@lumiinstall36.eu
CLI-01010,PowerSolutions 55,france,Toulouse,54 Rue de l'Energie,
CLI-01011,RenovGroup 9,Italy,Turin,43 Rue de l'Energie,contact@renovgroup9.eu
CLI-01012,InstalSystems 79,france,Strasbourg,67 Rue de l'Energie,contact@instalsystems79.eu
CLI-01013,ThermPlus 42,Belgique,Ghent,175 Rue de l'Energie,contact@thermplus42.eu
CLI-01014,InstalServices 29,Spain,Bilbao,70 Rue de l'Energie,contact@instalservices29.eu
CLI-01015,PowerTech 76,Allemagne,Stuttgart,66 Rue de l'Energie,contact@powertech76.eu
CLI-01016,EcoGroup 20,France,Toulouse,130 Rue de l'Energie,contact@ecogroup20.eu
CLI-01017,SunPro 32,DE,Hamburg,170 Rue de l'Energie,contact@sunpro32.eu
CLI-01018,PowerInstall 20,BE,Liege,8 Rue de l'Energie,contact@powerinstall20.eu
CLI-01019,VoltInstall 76,DE,Frankfurt,61 Rue de l'Energie,contact@voltinstall76.eu
CLI-01020,LumiSystems 76, France ,Marseille,26 Rue de l'Energie,contact@lumisystems76.eu
CLI-01021,VoltPro 90,FR,Lille,1 Rue de l'Energie,contact@voltpro90.eu
CLI-01022,ThermPlus 90,france,Nantes,23 Rue de l'Energie,contact@thermplus90.eu
CLI-01023,LumiPro 6,Germany,Berlin,50 Rue de l'Energie,contact@lumipro6.eu
CLI-01024,EnerEnergy 76,IT,Bologna,135 Rue de l'Energie,contact@enerenergy76.eu
CLI-01025,LumiEnergy 21,France,Strasbourg,58 Rue de l'Energie,contact@lumienergy21.eu
CLI-01026,RenovGroup 58,IT,Rome,79 Rue de l'Energie,contact@renovgroup58.eu
CLI-01027,EcoEnergy 86,Allemagne,Dusseldorf,119 Rue de l'Energie,contact@ecoenergy86.eu
CLI-01028,GreenPro 58,FR,Lyon,19 Rue de l'Energie,contact@greenpro58.eu
CLI-01029,RenovGroup 56,GERMANY,Munich,165 Rue de l'Energie,contact@renovgroup56.eu
CLI-01030,RenovServices 61,Espagne,Valencia,,contact@renovservices61.eu
CLI-01031,BatEnergy 50,FR,Paris,119 Rue de l'Energie,contact@batenergy50.eu
CLI-01032,VoltSolutions 42,Espagne,Valencia,109 Rue de l'Energie,contact@voltsolutions42.eu
CLI-01033,SolarSolutions 33,IT,Rome,86 Rue de l'Energie,contact@solarsolutions33.eu
CLI-01034,SunServices 93,FR,Strasbourg,198 Rue de l'Energie,
CLI-01035,WindSystems 1,Germany,Cologne,129 Rue de l'Energie,contact@windsystems1.eu
CLI-01036,SunPartners 51,Espagne,Bilbao,157 Rue de l'Energie,contact@sunpartners51.eu
CLI-01037,VoltDirect 76,Italie,Milan,194 Rue de l'Energie,contact@voltdirect76.eu
CLI-01038,VoltInstall 60,FR,Lyon,152 Rue de l'Energie,contact@voltinstall60.eu
CLI-01039,BatServices 86,Belgique,Brussels,68 Rue de l'Energie,
CLI-01040,EcoInstall 1, France ,Strasbourg,,contact@ecoinstall1.eu
CLI-01041,PowerTech 65,Allemagne,Cologne,170 Rue de l'Energie,contact@powertech65.eu
CLI-01042,InstalPro 31, France ,Bordeaux,85 Rue de l'Energie,contact@instalpro31.eu
CLI-01043,EnerSystems 83,FR,Lille,6 Rue de l'Energie,contact@enersystems83.eu
CLI-01044,ThermEnergy 86,IT,Rome,110 Rue de l'Energie,contact@thermenergy86.eu
CLI-01045,SunPartners 89,France,Bordeaux,40 Rue de l'Energie,contact@sunpartners89.eu
CLI-01046,EnerEnergy 23,France,Toulouse,87 Rue de l'Energie,contact@enerenergy23.eu
CLI-01047,ElectraPro 62,Italie,Bologna,22 Rue de l'Energie,contact@electrapro62.eu
CLI-01048,ElectraEnergy 93,France,Toulouse,159 Rue de l'Energie,contact@electraenergy93.eu
CLI-01049,GreenSolutions 44,FR,Lyon,177 Rue de l'Energie,contact@greensolutions44.eu
CLI-01050,SolarSystems 50,BE,Ghent,132 Rue de l'Energie,contact@solarsystems50.eu
CLI-01051,InstalEurope 96,France,Strasbourg,191 Rue de l'Energie,contact@instaleurope96.eu
CLI-01052,ElectraGroup 50,BE,Liege,51 Rue de l'Energie,contact@electragroup50.eu
CLI-01053,SolarPlus 48,france,Nantes,2 Rue de l'Energie,contact@solarplus48.eu
CLI-01054,LumiPartners 72,France,Lyon,122 Rue de l'Energie,contact@lumipartners72.eu
CLI-01055,EnerEurope 5,Espagne,Valencia,80 Rue de l'Energie,contact@enereurope5.eu
CLI-01056,SolarEnergy 86,FR,Lyon,98 Rue de l'Energie,contact@solarenergy86.eu
CLI-01057,ElectraSystems 10,IT,,77 Rue de l'Energie,contact@electrasystems10.eu
CLI-01058,RenovPro 18,France,Marseille,25 Rue de l'Energie,contact@renovpro18.eu
CLI-01059,GreenEurope 28,Germany,Berlin,71 Rue de l'Energie,contact@greeneurope28.eu
CLI-01060,InstalDirect 71,Italie,Milan,140 Rue de l'Energie,contact@instaldirect71.eu
CLI-01061,InstalTech 40, France ,Lille,86 Rue de l'Energie,contact@instaltech40.eu
CLI-01062,EnerGroup 6, France ,Paris,104 Rue de l'Energie,contact@energroup6.eu
CLI-01063,InstalServices 11,ES,Bilbao,167 Rue de l'Energie,contact@instalservices11.eu
CLI-01064,VoltServices 94,FR,Paris,175 Rue de l'Energie,contact@voltservices94.eu
CLI-01065,LumiDirect 25, France ,Bordeaux,16 Rue de l'Energie,contact@lumidirect25.eu
CLI-01066,ElectraEnergy 45,DE,Dusseldorf,152 Rue de l'Energie,contact@electraenergy45.eu
CLI-01067,RenovInstall 33, France ,Lyon,,contact@renovinstall33.eu
CLI-01068,LumiSolutions 83,Italie,Rome,172 Rue de l'Energie,contact@lumisolutions83.eu
CLI-01069,RenovTech 94,France,Toulouse,35 Rue de l'Energie,contact@renovtech94.eu
CLI-01070,ThermServices 92,France,Paris,4 Rue de l'Energie,contact@thermservices92.eu
CLI-01071,RenovPlus 16,Allemagne,Munich,106 Rue de l'Energie,contact@renovplus16.eu
CLI-01072,BatPlus 19,FR,Toulouse,49 Rue de l'Energie,contact@batplus19.eu
CLI-01073,VoltEnergy 56,Spain,Sevilla,111 Rue de l'Energie,contact@voltenergy56.eu
CLI-01074,RenovGroup 68,BE,Brussels,29 Rue de l'Energie,contact@renovgroup68.eu
CLI-01075,InstalTech 61,France,Lille,90 Rue de l'Energie,contact@instaltech61.eu
CLI-01076,BatGroup 50,france,Bordeaux,57 Rue de l'Energie,contact@batgroup50.eu
CLI-01077,PowerServices 71,Italie,Bologna,38 Rue de l'Energie,contact@powerservices71.eu
CLI-01078,EnerEnergy 85,Allemagne,Stuttgart,6 Rue de l'Energie,contact@enerenergy85.eu
CLI-01079,SunServices 97,FR,Bordeaux,136 Rue de l'Energie,
CLI-01080,InstalPartners 54,Allemagne,Stuttgart,,contact@instalpartners54.eu
CLI-01081,PowerEnergy 90,Allemagne,Dusseldorf,161 Rue de l'Energie,contact@powerenergy90.eu
CLI-01082,WindPro 49,ES,Bilbao,63 Rue de l'Energie,contact@windpro49.eu
CLI-01083,EcoPartners 43,GERMANY,Dusseldorf,144 Rue de l'Energie,
CLI-01084,EcoInstall 6,DE,Munich,137 Rue de l'Energie,contact@ecoinstall6.eu
CLI-01085,VoltDirect 18,Spain,Bilbao,56 Rue de l'Energie,contact@voltdirect18.eu
CLI-01086,EnerEnergy 83, France ,Lille,24 Rue de l'Energie,contact@enerenergy83.eu
CLI-01087,InstalEurope 69,FR,Bordeaux,,contact@instaleurope69.eu
CLI-01088,BatGroup 28,ES,Madrid,26 Rue de l'Energie,contact@batgroup28.eu
CLI-01089,SolarInstall 90,BE,Ghent,193 Rue de l'Energie,contact@solarinstall90.eu
CLI-01090,ThermEurope 3,france,Lyon,41 Rue de l'Energie,contact@thermeurope3.eu
CLI-01091,EcoSolutions 38, France ,Toulouse,116 Rue de l'Energie,contact@ecosolutions38.eu
CLI-01092,WindPlus 97,france,Toulouse,111 Rue de l'Energie,contact@windplus97.eu
CLI-01093,PowerTech 22,BE,Liege,,contact@powertech22.eu
CLI-01094,InstalSolutions 28,Germany,Berlin,28 Rue de l'Energie,contact@instalsolutions28.eu
CLI-01095,VoltSolutions 77,FR,Nantes,109 Rue de l'Energie,contact@voltsolutions77.eu
CLI-01096,SunEurope 28,Germany,Hamburg,76 Rue de l'Energie,contact@suneurope28.eu
CLI-01097,InstalDirect 17,Belgium,Brussels,180 Rue de l'Energie,contact@instaldirect17.eu
CLI-01098,ThermEurope 92,DE,Frankfurt,47 Rue de l'Energie,contact@thermeurope92.eu
CLI-01099,ElectraEurope 70,France,Paris,142 Rue de l'Energie,contact@electraeurope70.eu
CLI-01100,WindPartners 18,FR,Bordeaux,,contact@windpartners18.eu
CLI-01101,RenovPlus 12,FR,Toulouse,19 Rue de l'Energie,contact@renovplus12.eu
CLI-01102,VoltSolutions 88,france,Nantes,87 Rue de l'Energie,
CLI-01103,BatDirect 4,Italy,Milan,194 Rue de l'Energie,contact@batdirect4.eu
CLI-01104,VoltPro 57,france,Toulouse,162 Rue de l'Energie,contact@voltpro57.eu
CLI-01105,WindInstall 87,Spain,Valencia,130 Rue de l'Energie,contact@windinstall87.eu
CLI-01106,ElectraSolutions 77, France ,Lyon,134 Rue de l'Energie,contact@electrasolutions77.eu
CLI-01107,ElectraEurope 6,france,Bordeaux,11 Rue de l'Energie,contact@electraeurope6.eu
CLI-01108,SolarPlus 34,FR,Paris,163 Rue de l'Energie,contact@solarplus34.eu
CLI-01109,GreenInstall 49,Germany,Cologne,39 Rue de l'Energie,contact@greeninstall49.eu
CLI-01110,ThermTech 47,NL,Utrecht,148 Rue de l'Energie,contact@thermtech47.eu
CLI-01111,SolarInstall 27,Spain,Sevilla,158 Rue de l'Energie,contact@solarinstall27.eu
CLI-01112,InstalEurope 82,Italie,Milan,17 Rue de l'Energie,contact@instaleurope82.eu
CLI-01113,SunPartners 16,Belgique,Liege,190 Rue de l'Energie,
CLI-01114,ElectraGroup 64,FR,Marseille,97 Rue de l'Energie,contact@electragroup64.eu
CLI-01115,SunServices 20,Espagne,Sevilla,179 Rue de l'Energie,contact@sunservices20.eu
CLI-01116,LumiPlus 86,Espagne,,105 Rue de l'Energie,contact@lumiplus86.eu
CLI-01117,WindDirect 93,Belgique,Antwerp,27 Rue de l'Energie,contact@winddirect93.eu
CLI-01118,BatInstall 38, France ,Paris,193 Rue de l'Energie,contact@batinstall38.eu
CLI-01119,PowerServices 93,Belgique,Antwerp,140 Rue de l'Energie,contact@powerservices93.eu
CLI-01120,ThermPro 61,NL,Amsterdam,72 Rue de l'Energie,contact@thermpro61.eu
CLI-01121,InstalServices 94,Netherlands,Amsterdam,143 Rue de l'Energie,contact@instalservices94.eu
CLI-01122,WindDirect 18,IT,Turin,179 Rue de l'Energie,contact@winddirect18.eu
CLI-01123,BatEnergy 31,FR,Paris,54 Rue de l'Energie,contact@batenergy31.eu
CLI-01124,LumiSystems 91,France,Bordeaux,57 Rue de l'Energie,contact@lumisystems91.eu
CLI-01125,ElectraGroup 93,France,Strasbourg,156 Rue de l'Energie,contact@electragroup93.eu
CLI-01126,VoltServices 18, France ,Toulouse,58 Rue de l'Energie,contact@voltservices18.eu
CLI-01127,EnerEurope 98, France ,Lyon,84 Rue de l'Energie,contact@enereurope98.eu
CLI-01128,InstalPartners 93,Pays-Bas,Eindhoven,3 Rue de l'Energie,contact@instalpartners93.eu
CLI-01129,LumiPro 43, France ,Paris,33 Rue de l'Energie,contact@lumipro43.eu
CLI-01130,WindGroup 82, France ,Lille,73 Rue de l'Energie,contact@windgroup82.eu
CLI-01131,SolarEurope 88,Netherlands,Eindhoven,157 Rue de l'Energie,contact@solareurope88.eu
CLI-01132,LumiPro 16,france,Bordeaux,75 Rue de l'Energie,contact@lumipro16.eu
CLI-01133,SolarEurope 18,GERMANY,Dusseldorf,186 Rue de l'Energie,contact@solareurope18.eu
CLI-01134,EnerServices 58,ES,Barcelona,108 Rue de l'Energie,contact@enerservices58.eu
CLI-01135,GreenPartners 69, France ,Bordeaux,11 Rue de l'Energie,contact@greenpartners69.eu
CLI-01136,EcoGroup 51,IT,Turin,191 Rue de l'Energie,contact@ecogroup51.eu
CLI-01137,PowerTech 6,FR,Marseille,15 Rue de l'Energie,contact@powertech6.eu
CLI-01138,EnerTech 50,DE,Cologne,19 Rue de l'Energie,contact@enertech50.eu
CLI-01139,InstalServices 33,france,Marseille,111 Rue de l'Energie,contact@instalservices33.eu
CLI-01140,ThermGroup 55,DE,Frankfurt,135 Rue de l'Energie,contact@thermgroup55.eu
CLI-01141,EcoEnergy 71,Netherlands,Amsterdam,115 Rue de l'Energie,contact@ecoenergy71.eu
CLI-01142,PowerTech 28,FR,Marseille,158 Rue de l'Energie,contact@powertech28.eu
CLI-01143,RenovDirect 3,Espagne,Sevilla,130 Rue de l'Energie,contact@renovdirect3.eu
CLI-01144,SunEurope 24,Spain,Valencia,116 Rue de l'Energie,contact@suneurope24.eu
CLI-01145,InstalEurope 74, France ,Lille,169 Rue de l'Energie,contact@instaleurope74.eu
CLI-01146,RenovDirect 87,Espagne,Bilbao,117 Rue de l'Energie,contact@renovdirect87.eu
CLI-01147,LumiInstall 82,FR,,145 Rue de l'Energie,contact@lumiinstall82.eu
CLI-01148,LumiEurope 25,DE,Hamburg,28 Rue de l'Energie,contact@lumieurope25.eu
CLI-01149,InstalSolutions 56,IT,Turin,15 Rue de l'Energie,contact@instalsolutions56.eu
CLI-01150,GreenInstall 82,Netherlands,Eindhoven,107 Rue de l'Energie,contact@greeninstall82.eu
CLI-01151,EcoEnergy 72,DE,Stuttgart,57 Rue de l'Energie,contact@ecoenergy72.eu
CLI-01152,ElectraSolutions 85,Belgique,Antwerp,73 Rue de l'Energie,contact@electrasolutions85.eu
CLI-01153,GreenDirect 73,Pays-Bas,Amsterdam,8 Rue de l'Energie,contact@greendirect73.eu
CLI-01154,ElectraPlus 19, France ,Nantes,24 Rue de l'Energie,contact@electraplus19.eu
CLI-01155,ThermPro 28,Germany,Frankfurt,110 Rue de l'Energie,contact@thermpro28.eu
CLI-01156,InstalPartners 41,Belgique,Antwerp,193 Rue de l'Energie,contact@instalpartners41.eu
CLI-01157,ElectraSolutions 31,Italie,Bologna,80 Rue de l'Energie,contact@electrasolutions31.eu
CLI-01158,BatSolutions 62,Belgium,Brussels,,contact@batsolutions62.eu
CLI-01159,EnerTech 15,ES,Sevilla,20 Rue de l'Energie,contact@enertech15.eu
CLI-01160,SolarPro 49,Espagne,Madrid,166 Rue de l'Energie,contact@solarpro49.eu
CLI-01161,SolarGroup 53,Spain,Valencia,134 Rue de l'Energie,contact@solargroup53.eu
CLI-01162,ThermSolutions 7,Allemagne,Frankfurt,72 Rue de l'Energie,contact@thermsolutions7.eu
CLI-01163,SunInstall 21,Germany,Cologne,115 Rue de l'Energie,contact@suninstall21.eu
CLI-01164,ThermSolutions 77,Italy,Bologna,143 Rue de l'Energie,contact@thermsolutions77.eu
CLI-01165,BatGroup 50,Germany,Stuttgart,145 Rue de l'Energie,contact@batgroup50.eu
CLI-01166,SolarInstall 68,Italie,Turin,18 Rue de l'Energie,contact@solarinstall68.eu
CLI-01167,GreenSystems 46,DE,Berlin,103 Rue de l'Energie,contact@greensystems46.eu
CLI-01168,EcoSolutions 87,France,Paris,42 Rue de l'Energie,
CLI-01169,BatPartners 86,IT,Rome,127 Rue de l'Energie,contact@batpartners86.eu
CLI-01170,EcoGroup 10,Allemagne,Munich,152 Rue de l'Energie,contact@ecogroup10.eu
CLI-01171,SolarSolutions 51,BE,Ghent,25 Rue de l'Energie,contact@solarsolutions51.eu
CLI-01172,EcoPlus 33,France,Strasbourg,137 Rue de l'Energie,contact@ecoplus33.eu
CLI-01173,VoltPlus 66,DE,Dusseldorf,20 Rue de l'Energie,
CLI-01174,BatEurope 69,FR,Strasbourg,50 Rue de l'Energie,contact@bateurope69.eu
CLI-01175,ElectraSystems 95,GERMANY,Cologne,176 Rue de l'Energie,contact@electrasystems95.eu
CLI-01176,EcoPartners 32,Germany,Dusseldorf,46 Rue de l'Energie,contact@ecopartners32.eu
CLI-01177,EcoEurope 97,GERMANY,Hamburg,6 Rue de l'Energie,contact@ecoeurope97.eu
CLI-01178,PowerInstall 88,Germany,Stuttgart,180 Rue de l'Energie,contact@powerinstall88.eu
CLI-01179,ElectraSolutions 2,Allemagne,Frankfurt,97 Rue de l'Energie,contact@electrasolutions2.eu
CLI-01180,EcoPlus 45,IT,Rome,23 Rue de l'Energie,contact@ecoplus45.eu
CLI-01181,InstalSystems 70,ES,Madrid,176 Rue de l'Energie,contact@instalsystems70.eu
CLI-01182,ThermSolutions 10,Italie,Naples,146 Rue de l'Energie,contact@thermsolutions10.eu
CLI-01183,ElectraEurope 69,Espagne,Madrid,111 Rue de l'Energie,contact@electraeurope69.eu
CLI-01184,GreenSolutions 5,IT,Milan,155 Rue de l'Energie,contact@greensolutions5.eu
CLI-01185,RenovEurope 92,Italie,Bologna,75 Rue de l'Energie,contact@renoveurope92.eu
CLI-01186,ElectraPartners 81,Spain,Bilbao,73 Rue de l'Energie,contact@electrapartners81.eu
CLI-01187,InstalTech 89,GERMANY,Dusseldorf,46 Rue de l'Energie,contact@instaltech89.eu
CLI-01188,EcoPartners 99,DE,Frankfurt,,contact@ecopartners99.eu
CLI-01189,EnerDirect 81,Italie,Naples,127 Rue de l'Energie,contact@enerdirect81.eu
CLI-01190,LumiEurope 56,GERMANY,Dusseldorf,40 Rue de l'Energie,contact@lumieurope56.eu
CLI-01191,VoltDirect 5,Allemagne,Munich,1 Rue de l'Energie,contact@voltdirect5.eu
CLI-01192,WindTech 90,ES,Barcelona,170 Rue de l'Energie,contact@windtech90.eu
CLI-01193,RenovEurope 43,Pays-Bas,Eindhoven,10 Rue de l'Energie,contact@renoveurope43.eu
CLI-01194,InstalDirect 44,france,Marseille,47 Rue de l'Energie,contact@instaldirect44.eu
CLI-01195,GreenSystems 79,ES,Barcelona,64 Rue de l'Energie,contact@greensystems79.eu
CLI-01196,BatEnergy 51,DE,Cologne,50 Rue de l'Energie,contact@batenergy51.eu
CLI-01197,WindInstall 22,Allemagne,Berlin,175 Rue de l'Energie,contact@windinstall22.eu
CLI-01198,GreenSystems 50,Italy,Bologna,44 Rue de l'Energie,contact@greensystems50.eu
CLI-01199,WindPartners 78,Belgique,Antwerp,58 Rue de l'Energie,contact@windpartners78.eu
CLI-01200,WindSystems 4, France ,Lille,99 Rue de l'Energie,contact@windsystems4.eu
CLI-01201,InstalGroup 99,france,Nantes,58 Rue de l'Energie,
CLI-01202,BatEurope 10,Spain,Bilbao,154 Rue de l'Energie,contact@bateurope10.eu
CLI-01203,WindEurope 31,Allemagne,Stuttgart,23 Rue de l'Energie,contact@windeurope31.eu
CLI-01204,SunGroup 14,Allemagne,Hamburg,52 Rue de l'Energie,contact@sungroup14.eu
CLI-01205,BatInstall 61,Germany,Munich,110 Rue de l'Energie,contact@batinstall61.eu
CLI-01206,BatSolutions 90,France,Bordeaux,198 Rue de l'Energie,contact@batsolutions90.eu
CLI-01207,PowerEurope 68,Germany,Frankfurt,135 Rue de l'Energie,contact@powereurope68.eu
CLI-01208,InstalGroup 1,IT,Rome,61 Rue de l'Energie,contact@instalgroup1.eu
CLI-01209,PowerSolutions 18,IT,Turin,199 Rue de l'Energie,contact@powersolutions18.eu
CLI-01210,LumiPartners 54,GERMANY,Dusseldorf,72 Rue de l'Energie,contact@lumipartners54.eu
CLI-01211,ElectraSystems 95,Allemagne,Hamburg,87 Rue de l'Energie,contact@electrasystems95.eu
CLI-01212,WindDirect 79,Allemagne,Dusseldorf,33 Rue de l'Energie,contact@winddirect79.eu
CLI-01213,InstalDirect 55,france,,,contact@instaldirect55.eu
CLI-01214,InstalEnergy 48,FR,Marseille,60 Rue de l'Energie,contact@instalenergy48.eu
CLI-01215,InstalSystems 41,Spain,Madrid,83 Rue de l'Energie,contact@instalsystems41.eu
CLI-01216,ElectraDirect 24,France,Lille,73 Rue de l'Energie,contact@electradirect24.eu
CLI-01217,LumiDirect 63,DE,Cologne,177 Rue de l'Energie,contact@lumidirect63.eu
CLI-01218,InstalGroup 93,Allemagne,Stuttgart,39 Rue de l'Energie,contact@instalgroup93.eu
CLI-01219,WindEnergy 27,Italy,Rome,45 Rue de l'Energie,contact@windenergy27.eu
CLI-01220,EcoPro 17,FR,Marseille,166 Rue de l'Energie,
CLI-01221,RenovTech 12,FR,Lille,126 Rue de l'Energie,contact@renovtech12.eu
CLI-01222,ElectraSolutions 99,GERMANY,Berlin,181 Rue de l'Energie,contact@electrasolutions99.eu
CLI-01223,VoltGroup 42,IT,Turin,93 Rue de l'Energie,contact@voltgroup42.eu
CLI-01224,BatEurope 5,france,Marseille,24 Rue de l'Energie,contact@bateurope5.eu
CLI-01225,PowerPlus 71,Spain,Sevilla,101 Rue de l'Energie,contact@powerplus71.eu
CLI-01226,ThermGroup 23,Spain,Madrid,56 Rue de l'Energie,contact@thermgroup23.eu
CLI-01227,ThermEurope 24,Spain,Bilbao,45 Rue de l'Energie,contact@thermeurope24.eu
CLI-01228,RenovInstall 22,Belgium,Antwerp,84 Rue de l'Energie,contact@renovinstall22.eu
CLI-01229,ElectraPartners 19,Spain,Barcelona,84 Rue de l'Energie,contact@electrapartners19.eu
CLI-01230,WindPartners 40,france,Toulouse,126 Rue de l'Energie,contact@windpartners40.eu
CLI-01231,EcoSolutions 51,IT,Bologna,6 Rue de l'Energie,contact@ecosolutions51.eu
CLI-01232,LumiDirect 93,France,Strasbourg,115 Rue de l'Energie,contact@lumidirect93.eu
CLI-01233,GreenEurope 23,ES,Madrid,15 Rue de l'Energie,contact@greeneurope23.eu
CLI-01234,VoltDirect 15,Spain,Bilbao,84 Rue de l'Energie,contact@voltdirect15.eu
CLI-01235,GreenSolutions 4,Pays-Bas,Rotterdam,26 Rue de l'Energie,contact@greensolutions4.eu
CLI-01236,ElectraServices 23,Spain,Madrid,68 Rue de l'Energie,contact@electraservices23.eu
CLI-01237,ElectraPartners 65,Italie,Bologna,176 Rue de l'Energie,contact@electrapartners65.eu
CLI-01238,ThermPartners 46,Spain,Valencia,137 Rue de l'Energie,contact@thermpartners46.eu
CLI-01239,EcoTech 36,IT,Milan,100 Rue de l'Energie,contact@ecotech36.eu
CLI-01240,WindPro 59,Italy,Naples,42 Rue de l'Energie,contact@windpro59.eu
CLI-01241,EnerTech 20,DE,Dusseldorf,187 Rue de l'Energie,contact@enertech20.eu
CLI-01242,SunServices 62,ES,Madrid,189 Rue de l'Energie,contact@sunservices62.eu
CLI-01243,LumiInstall 61,Italy,Milan,152 Rue de l'Energie,contact@lumiinstall61.eu
CLI-01244,SolarPlus 20,FR,Lille,41 Rue de l'Energie,contact@solarplus20.eu
CLI-01245,PowerGroup 97,Espagne,Sevilla,30 Rue de l'Energie,contact@powergroup97.eu
CLI-01246,PowerInstall 14,FR,Lyon,11 Rue de l'Energie,contact@powerinstall14.eu
CLI-01247,WindPlus 96,GERMANY,Stuttgart,51 Rue de l'Energie,contact@windplus96.eu
CLI-01248,LumiServices 56, France ,Bordeaux,138 Rue de l'Energie,
CLI-01249,InstalPartners 14,Spain,Valencia,73 Rue de l'Energie,contact@instalpartners14.eu
CLI-01250,ThermPartners 18,france,Lille,148 Rue de l'Energie,contact@thermpartners18.eu
CLI-01251,PowerSolutions 3,FR,Bordeaux,94 Rue de l'Energie,contact@powersolutions3.eu
CLI-01252,EnerDirect 95,Germany,Dusseldorf,55 Rue de l'Energie,contact@enerdirect95.eu
CLI-01253,RenovEurope 64,Germany,Dusseldorf,59 Rue de l'Energie,contact@renoveurope64.eu
CLI-01254,WindPartners 42,france,Lille,196 Rue de l'Energie,contact@windpartners42.eu
CLI-01255,RenovSolutions 4,FR,Lyon,14 Rue de l'Energie,contact@renovsolutions4.eu
CLI-01256,ElectraGroup 36,France,Toulouse,159 Rue de l'Energie,contact@electragroup36.eu
CLI-01257,PowerEurope 3,NL,Eindhoven,33 Rue de l'Energie,contact@powereurope3.eu
CLI-01258,WindSystems 34,Netherlands,,176 Rue de l'Energie,contact@windsystems34.eu
CLI-01259,SolarServices 8,Spain,Valencia,,contact@solarservices8.eu
CLI-01260,WindInstall 40,Pays-Bas,Eindhoven,114 Rue de l'Energie,contact@windinstall40.eu
CLI-01261,PowerSolutions 32,Allemagne,Hamburg,28 Rue de l'Energie,contact@powersolutions32.eu
CLI-01262,EnerTech 72,Germany,Berlin,132 Rue de l'Energie,contact@enertech72.eu
CLI-01263,ElectraServices 13,IT,Bologna,196 Rue de l'Energie,contact@electraservices13.eu
CLI-01264,ElectraTech 67,Germany,Berlin,172 Rue de l'Energie,contact@electratech67.eu
CLI-01265,WindDirect 8,ES,Madrid,131 Rue de l'Energie,contact@winddirect8.eu
CLI-01266,RenovServices 43,France,Strasbourg,74 Rue de l'Energie,contact@renovservices43.eu
CLI-01267,EcoInstall 23,France,Bordeaux,7 Rue de l'Energie,
CLI-01268,ElectraPlus 46,GERMANY,Dusseldorf,110 Rue de l'Energie,contact@electraplus46.eu
CLI-01269,WindServices 86,FR,Paris,41 Rue de l'Energie,contact@windservices86.eu
CLI-01270,BatInstall 51,GERMANY,Hamburg,21 Rue de l'Energie,contact@batinstall51.eu
CLI-01271,RenovGroup 3,France,Marseille,69 Rue de l'Energie,contact@renovgroup3.eu
CLI-01272,ThermEurope 4,Germany,Hamburg,13 Rue de l'Energie,contact@thermeurope4.eu
CLI-01273,SolarTech 96,Allemagne,Hamburg,140 Rue de l'Energie,contact@solartech96.eu
CLI-01274,InstalDirect 91,Italie,Naples,147 Rue de l'Energie,
CLI-01275,WindSolutions 6,NL,Amsterdam,129 Rue de l'Energie,contact@windsolutions6.eu
CLI-01276,BatGroup 51,Espagne,Bilbao,127 Rue de l'Energie,contact@batgroup51.eu
CLI-01277,ThermPro 54, France ,Strasbourg,192 Rue de l'Energie,contact@thermpro54.eu
CLI-01278,GreenServices 63,Allemagne,Berlin,125 Rue de l'Energie,contact@greenservices63.eu
CLI-01279,InstalSystems 56,FR,Marseille,177 Rue de l'Energie,contact@instalsystems56.eu
CLI-01280,LumiPro 79,ES,Bilbao,18 Rue de l'Energie,contact@lumipro79.eu
CLI-01281,BatPlus 18,France,Lille,14 Rue de l'Energie,contact@batplus18.eu
CLI-01282,EnerPro 53,Germany,,170 Rue de l'Energie,contact@enerpro53.eu
CLI-01283,EnerPartners 11,Italy,Turin,180 Rue de l'Energie,contact@enerpartners11.eu
CLI-01284,VoltSolutions 15,Spain,Bilbao,6 Rue de l'Energie,contact@voltsolutions15.eu
CLI-01285,ThermPartners 4,Spain,Valencia,103 Rue de l'Energie,contact@thermpartners4.eu
CLI-01286,VoltSystems 67,FR,Lyon,113 Rue de l'Energie,contact@voltsystems67.eu
CLI-01287,SolarTech 34,Pays-Bas,Rotterdam,,contact@solartech34.eu
CLI-01288,BatServices 49,France,Marseille,104 Rue de l'Energie,contact@batservices49.eu
CLI-01289,ElectraGroup 87,france,Marseille,154 Rue de l'Energie,contact@electragroup87.eu
CLI-01290,RenovInstall 75,GERMANY,Frankfurt,13 Rue de l'Energie,contact@renovinstall75.eu
CLI-01291,SunPro 75, France ,Lyon,110 Rue de l'Energie,contact@sunpro75.eu
CLI-01292,VoltEnergy 87,Espagne,Barcelona,58 Rue de l'Energie,contact@voltenergy87.eu
CLI-01293,LumiPlus 86, France ,Strasbourg,164 Rue de l'Energie,contact@lumiplus86.eu
CLI-01294,SunEurope 49,GERMANY,Stuttgart,185 Rue de l'Energie,contact@suneurope49.eu
CLI-01295,ElectraEnergy 20,France,Strasbourg,40 Rue de l'Energie,contact@electraenergy20.eu
CLI-01296,LumiServices 81, France ,Nantes,140 Rue de l'Energie,contact@lumiservices81.eu
CLI-01297,InstalServices 35,GERMANY,Dusseldorf,129 Rue de l'Energie,contact@instalservices35.eu
CLI-01298,PowerGroup 20,GERMANY,Hamburg,18 Rue de l'Energie,contact@powergroup20.eu
CLI-01299,EnerServices 15,FR,Bordeaux,194 Rue de l'Energie,contact@enerservices15.eu
CLI-01300,RenovInstall 14,FR,,185 Rue de l'Energie,contact@renovinstall14.eu
CLI-01301,SolarEnergy 42,France,,200 Rue de l'Energie,contact@solarenergy42.eu
CLI-01302,InstalEnergy 64,FR,Bordeaux,158 Rue de l'Energie,contact@instalenergy64.eu
CLI-01303,RenovEnergy 36,France,Toulouse,107 Rue de l'Energie,contact@renovenergy36.eu
CLI-01304,RenovPro 99,Italie,Bologna,67 Rue de l'Energie,contact@renovpro99.eu
CLI-01305,ElectraPartners 94,Germany,Berlin,119 Rue de l'Energie,contact@electrapartners94.eu
CLI-01306,SunInstall 67,France,Strasbourg,84 Rue de l'Energie,contact@suninstall67.eu
CLI-01307,ElectraInstall 79,Espagne,Valencia,64 Rue de l'Energie,contact@electrainstall79.eu
CLI-01308,VoltEnergy 65,ES,Bilbao,177 Rue de l'Energie,contact@voltenergy65.eu
CLI-01309,WindPlus 7,Germany,Hamburg,35 Rue de l'Energie,contact@windplus7.eu
CLI-01310,WindServices 90, France ,Strasbourg,12 Rue de l'Energie,contact@windservices90.eu
CLI-01311,EcoEurope 69, France ,Paris,81 Rue de l'Energie,contact@ecoeurope69.eu
CLI-01312,ElectraEurope 34,ES,,15 Rue de l'Energie,contact@electraeurope34.eu
CLI-01313,InstalSolutions 39,france,Bordeaux,76 Rue de l'Energie,contact@instalsolutions39.eu
CLI-01314,InstalDirect 72,Espagne,Valencia,128 Rue de l'Energie,contact@instaldirect72.eu
CLI-01315,SolarEnergy 41,GERMANY,Munich,126 Rue de l'Energie,contact@solarenergy41.eu
CLI-01316,InstalEnergy 99,BE,Liege,50 Rue de l'Energie,contact@instalenergy99.eu
CLI-01317,EcoSystems 34, France ,Marseille,34 Rue de l'Energie,contact@ecosystems34.eu
CLI-01318,SunTech 14,GERMANY,Stuttgart,155 Rue de l'Energie,contact@suntech14.eu
CLI-01319,GreenSolutions 16,FR,Lille,47 Rue de l'Energie,contact@greensolutions16.eu
CLI-01320,RenovPlus 61,Allemagne,Frankfurt,196 Rue de l'Energie,contact@renovplus61.eu
CLI-01321,GreenEnergy 91,France,Lyon,129 Rue de l'Energie,contact@greenenergy91.eu
CLI-01322,SolarTech 98,Italie,Bologna,,contact@solartech98.eu
CLI-01323,VoltPartners 17,DE,Stuttgart,45 Rue de l'Energie,contact@voltpartners17.eu
CLI-01324,SolarEnergy 58,DE,Dusseldorf,105 Rue de l'Energie,contact@solarenergy58.eu
CLI-01325,EnerSolutions 94,Spain,Sevilla,14 Rue de l'Energie,contact@enersolutions94.eu
CLI-01326,WindServices 56,IT,Bologna,187 Rue de l'Energie,contact@windservices56.eu
CLI-01327,BatPlus 22,france,Nantes,132 Rue de l'Energie,contact@batplus22.eu
CLI-01328,ElectraSystems 33,ES,Barcelona,69 Rue de l'Energie,contact@electrasystems33.eu
CLI-01329,ThermSystems 37,GERMANY,Hamburg,38 Rue de l'Energie,contact@thermsystems37.eu
CLI-01330,EcoSolutions 92, France ,Marseille,138 Rue de l'Energie,contact@ecosolutions92.eu
CLI-01331,VoltGroup 51,Netherlands,Amsterdam,76 Rue de l'Energie,contact@voltgroup51.eu
CLI-01332,SolarServices 72, France ,Marseille,19 Rue de l'Energie,contact@solarservices72.eu
CLI-01333,InstalPro 78, France ,Paris,11 Rue de l'Energie,contact@instalpro78.eu
CLI-01334,LumiServices 42,FR,Lille,59 Rue de l'Energie,contact@lumiservices42.eu
CLI-01335,BatDirect 82,Germany,Berlin,184 Rue de l'Energie,contact@batdirect82.eu
CLI-01336,EnerInstall 45,DE,Cologne,66 Rue de l'Energie,contact@enerinstall45.eu
CLI-01337,SolarPartners 27,france,Lille,122 Rue de l'Energie,contact@solarpartners27.eu
CLI-01338,EnerTech 83,Espagne,Bilbao,186 Rue de l'Energie,contact@enertech83.eu
CLI-01339,ElectraGroup 65,Espagne,Barcelona,138 Rue de l'Energie,contact@electragroup65.eu
CLI-01340,LumiPartners 66,DE,Frankfurt,196 Rue de l'Energie,contact@lumipartners66.eu
CLI-01341,VoltEurope 90,Netherlands,Utrecht,27 Rue de l'Energie,contact@volteurope90.eu
CLI-01342,EcoTech 12, France ,Lille,45 Rue de l'Energie,contact@ecotech12.eu
CLI-01343,LumiGroup 21,Italie,Rome,146 Rue de l'Energie,contact@lumigroup21.eu
CLI-01344,SolarInstall 21,FR,Strasbourg,133 Rue de l'Energie,contact@solarinstall21.eu
CLI-01345,EcoSolutions 19,Spain,Bilbao,,contact@ecosolutions19.eu
CLI-01346,SolarPro 89, France ,Paris,98 Rue de l'Energie,contact@solarpro89.eu
CLI-01347,LumiPlus 72,GERMANY,Stuttgart,32 Rue de l'Energie,
CLI-01348,PowerPro 37,France,Nantes,61 Rue de l'Energie,contact@powerpro37.eu
CLI-01349,ThermPro 76,Germany,Munich,71 Rue de l'Energie,contact@thermpro76.eu
CLI-01350,EcoSystems 40,IT,Rome,151 Rue de l'Energie,contact@ecosystems40.eu
CLI-01351,EcoDirect 99,France,Paris,193 Rue de l'Energie,contact@ecodirect99.eu
CLI-01352,SunSystems 96,GERMANY,Dusseldorf,20 Rue de l'Energie,contact@sunsystems96.eu
CLI-01353,ThermInstall 55,france,Lille,4 Rue de l'Energie,contact@therminstall55.eu
CLI-01354,EnerDirect 12,DE,Dusseldorf,1 Rue de l'Energie,contact@enerdirect12.eu
CLI-01355,InstalEurope 61,France,Bordeaux,4 Rue de l'Energie,contact@instaleurope61.eu
CLI-01356,ElectraServices 38,FR,Lille,186 Rue de l'Energie,contact@electraservices38.eu
CLI-01357,InstalTech 68,FR,Strasbourg,143 Rue de l'Energie,contact@instaltech68.eu
CLI-01358,ElectraPlus 85,GERMANY,Frankfurt,19 Rue de l'Energie,contact@electraplus85.eu
CLI-01359,WindGroup 10,Espagne,Barcelona,97 Rue de l'Energie,
CLI-01360,GreenInstall 90,france,Lyon,162 Rue de l'Energie,contact@greeninstall90.eu
CLI-01361,SolarEnergy 11,Belgique,Liege,195 Rue de l'Energie,contact@solarenergy11.eu
CLI-01362,EnerGroup 47,Allemagne,Munich,31 Rue de l'Energie,contact@energroup47.eu
CLI-01363,VoltEnergy 50,Espagne,Barcelona,20 Rue de l'Energie,contact@voltenergy50.eu
CLI-01364,GreenEnergy 12,Italie,Naples,104 Rue de l'Energie,contact@greenenergy12.eu
CLI-01365,LumiGroup 43,France,Marseille,182 Rue de l'Energie,contact@lumigroup43.eu
CLI-01366,SunSolutions 14,france,Nantes,96 Rue de l'Energie,contact@sunsolutions14.eu
CLI-01367,ElectraSolutions 1,DE,,94 Rue de l'Energie,contact@electrasolutions1.eu
CLI-01368,SolarPro 81,GERMANY,Stuttgart,181 Rue de l'Energie,contact@solarpro81.eu
CLI-01369,GreenServices 18,NL,Eindhoven,121 Rue de l'Energie,contact@greenservices18.eu
CLI-01370,RenovEnergy 1,Belgium,Ghent,134 Rue de l'Energie,contact@renovenergy1.eu
CLI-01371,RenovEnergy 92,GERMANY,Munich,35 Rue de l'Energie,contact@renovenergy92.eu
CLI-01372,SolarGroup 9,Netherlands,Utrecht,144 Rue de l'Energie,contact@solargroup9.eu
CLI-01373,LumiSystems 1,FR,Lyon,28 Rue de l'Energie,contact@lumisystems1.eu
CLI-01374,EnerDirect 6,Allemagne,Frankfurt,113 Rue de l'Energie,contact@enerdirect6.eu
CLI-01375,VoltPro 56,france,Paris,2 Rue de l'Energie,contact@voltpro56.eu
CLI-01376,ElectraEurope 40,Espagne,Madrid,179 Rue de l'Energie,contact@electraeurope40.eu
CLI-01377,PowerEurope 72,FR,Strasbourg,106 Rue de l'Energie,contact@powereurope72.eu
CLI-01378,InstalPro 53,France,Strasbourg,185 Rue de l'Energie,contact@instalpro53.eu
CLI-01379,SunPartners 11,DE,Dusseldorf,186 Rue de l'Energie,contact@sunpartners11.eu
CLI-01380,WindPartners 85,GERMANY,Munich,47 Rue de l'Energie,contact@windpartners85.eu
CLI-01381,VoltEnergy 68,FR,Nantes,39 Rue de l'Energie,contact@voltenergy68.eu
CLI-01382,SolarDirect 55,BE,Liege,141 Rue de l'Energie,contact@solardirect55.eu
CLI-01383,ElectraPartners 25,france,Bordeaux,82 Rue de l'Energie,contact@electrapartners25.eu
CLI-01384,PowerSolutions 70,Netherlands,Utrecht,14 Rue de l'Energie,contact@powersolutions70.eu
CLI-01385,PowerSystems 58,france,Paris,94 Rue de l'Energie,contact@powersystems58.eu
CLI-01386,BatTech 77,Germany,Stuttgart,86 Rue de l'Energie,contact@battech77.eu
CLI-01387,RenovTech 86,France,Bordeaux,26 Rue de l'Energie,contact@renovtech86.eu
CLI-01388,PowerPro 77,Germany,Cologne,76 Rue de l'Energie,contact@powerpro77.eu
CLI-01389,RenovSolutions 22,Germany,Stuttgart,159 Rue de l'Energie,contact@renovsolutions22.eu
CLI-01390,RenovPro 88,Italy,Turin,22 Rue de l'Energie,contact@renovpro88.eu
CLI-01391,BatTech 2,Belgium,Ghent,195 Rue de l'Energie,contact@battech2.eu
CLI-01392,WindServices 93,FR,Lyon,89 Rue de l'Energie,contact@windservices93.eu
CLI-01393,VoltPlus 80,ES,Valencia,,contact@voltplus80.eu
CLI-01394,VoltDirect 25,DE,Dusseldorf,141 Rue de l'Energie,contact@voltdirect25.eu
CLI-01395,ThermTech 30,Italie,Turin,17 Rue de l'Energie,contact@thermtech30.eu
CLI-01396,SunDirect 2,FR,Toulouse,149 Rue de l'Energie,contact@sundirect2.eu
CLI-01397,EcoInstall 6,france,Paris,139 Rue de l'Energie,contact@ecoinstall6.eu
CLI-01398,ThermSystems 79,FR,Toulouse,92 Rue de l'Energie,contact@thermsystems79.eu
CLI-01399,GreenTech 47,BE,Ghent,16 Rue de l'Energie,contact@greentech47.eu
CLI-01400,ThermTech 51,Pays-Bas,Amsterdam,141 Rue de l'Energie,contact@thermtech51.eu
CLI-01401,SunTech 90,Spain,Sevilla,129 Rue de l'Energie,contact@suntech90.eu
CLI-01402,ThermServices 73,ES,Barcelona,179 Rue de l'Energie,contact@thermservices73.eu
CLI-01403,PowerGroup 59, France ,,41 Rue de l'Energie,contact@powergroup59.eu
CLI-01404,BatTech 10, France ,Nantes,98 Rue de l'Energie,contact@battech10.eu
CLI-01405,EnerGroup 69,Allemagne,Hamburg,16 Rue de l'Energie,contact@energroup69.eu
CLI-01406,GreenServices 29,Allemagne,Dusseldorf,25 Rue de l'Energie,contact@greenservices29.eu
CLI-01407,ThermInstall 87,France,Paris,2 Rue de l'Energie,contact@therminstall87.eu
CLI-01408,ElectraEnergy 32,Germany,Frankfurt,30 Rue de l'Energie,contact@electraenergy32.eu
CLI-01409,LumiTech 37,france,Marseille,117 Rue de l'Energie,contact@lumitech37.eu
CLI-01410,ElectraGroup 42,DE,Dusseldorf,152 Rue de l'Energie,contact@electragroup42.eu
CLI-01411,SolarServices 31,GERMANY,Frankfurt,46 Rue de l'Energie,contact@solarservices31.eu
CLI-01412,WindPartners 24,France,Nantes,119 Rue de l'Energie,contact@windpartners24.eu
CLI-01413,EnerPro 45,FR,Strasbourg,193 Rue de l'Energie,contact@enerpro45.eu
CLI-01414,EnerPlus 78,DE,Munich,135 Rue de l'Energie,contact@enerplus78.eu
CLI-01415,ThermSystems 73,Belgium,Brussels,198 Rue de l'Energie,contact@thermsystems73.eu
CLI-01416,ElectraPartners 11,Allemagne,Hamburg,119 Rue de l'Energie,contact@electrapartners11.eu
CLI-01417,PowerPartners 67,Spain,Madrid,193 Rue de l'Energie,contact@powerpartners67.eu
CLI-01418,EnerPartners 49,FR,Toulouse,149 Rue de l'Energie,contact@enerpartners49.eu
CLI-01419,SunTech 85,Germany,Hamburg,36 Rue de l'Energie,contact@suntech85.eu
CLI-01420,GreenPartners 28,france,Paris,161 Rue de l'Energie,contact@greenpartners28.eu
CLI-01421,SolarEnergy 12,france,Marseille,72 Rue de l'Energie,contact@solarenergy12.eu
CLI-01422,EnerInstall 47,Belgique,Brussels,51 Rue de l'Energie,contact@enerinstall47.eu
CLI-01423,GreenTech 82,Italy,Milan,71 Rue de l'Energie,contact@greentech82.eu
CLI-01424,GreenDirect 57, France ,Marseille,33 Rue de l'Energie,contact@greendirect57.eu
CLI-01425,SolarSolutions 65,Germany,Munich,13 Rue de l'Energie,contact@solarsolutions65.eu
CLI-01426,WindDirect 77,FR,Paris,113 Rue de l'Energie,contact@winddirect77.eu
CLI-01427,LumiPartners 29,Belgium,Brussels,176 Rue de l'Energie,
CLI-01428,ThermPlus 96,Spain,Sevilla,97 Rue de l'Energie,contact@thermplus96.eu
CLI-01429,EnerTech 34,Netherlands,Rotterdam,190 Rue de l'Energie,contact@enertech34.eu
CLI-01430,GreenSolutions 73,Spain,Sevilla,52 Rue de l'Energie,contact@greensolutions73.eu
CLI-01431,WindInstall 72,france,Paris,107 Rue de l'Energie,contact@windinstall72.eu
CLI-01432,SolarInstall 30,GERMANY,Dusseldorf,22 Rue de l'Energie,contact@solarinstall30.eu
CLI-01433,SunEurope 37,Allemagne,Berlin,10 Rue de l'Energie,contact@suneurope37.eu
CLI-01434,LumiServices 92,Netherlands,Utrecht,89 Rue de l'Energie,
CLI-01435,EcoSolutions 22,GERMANY,Frankfurt,31 Rue de l'Energie,contact@ecosolutions22.eu
CLI-01436,ThermSolutions 95,france,Lille,143 Rue de l'Energie,contact@thermsolutions95.eu
CLI-01437,ElectraDirect 64,France,Paris,105 Rue de l'Energie,contact@electradirect64.eu
CLI-01438,RenovPro 85,GERMANY,Dusseldorf,52 Rue de l'Energie,contact@renovpro85.eu
CLI-01439,VoltSolutions 47,Belgique,Ghent,137 Rue de l'Energie,contact@voltsolutions47.eu
CLI-01440,InstalDirect 31,Netherlands,Amsterdam,94 Rue de l'Energie,contact@instaldirect31.eu
CLI-01441,RenovEnergy 48,GERMANY,Hamburg,100 Rue de l'Energie,contact@renovenergy48.eu
CLI-01442,InstalGroup 52,france,Nantes,163 Rue de l'Energie,contact@instalgroup52.eu
CLI-01443,WindEurope 61,NL,Eindhoven,187 Rue de l'Energie,contact@windeurope61.eu
CLI-01444,PowerServices 36,Netherlands,,88 Rue de l'Energie,contact@powerservices36.eu
CLI-01445,LumiSystems 80,ES,Madrid,88 Rue de l'Energie,contact@lumisystems80.eu
CLI-01446,LumiInstall 51,france,Nantes,47 Rue de l'Energie,contact@lumiinstall51.eu
CLI-01447,GreenServices 48,France,Bordeaux,99 Rue de l'Energie,contact@greenservices48.eu
CLI-01448,ThermPartners 75,FR,Bordeaux,41 Rue de l'Energie,contact@thermpartners75.eu
CLI-01449,SunServices 92,Germany,Hamburg,106 Rue de l'Energie,contact@sunservices92.eu
CLI-01450,SolarPartners 83,France,Paris,136 Rue de l'Energie,contact@solarpartners83.eu
CLI-01451,EnerSystems 94, France ,Lyon,143 Rue de l'Energie,contact@enersystems94.eu
CLI-01452,SunDirect 23,GERMANY,Stuttgart,130 Rue de l'Energie,contact@sundirect23.eu
CLI-01453,SolarPro 64,Italy,Bologna,42 Rue de l'Energie,contact@solarpro64.eu
CLI-01454,PowerSystems 95,Spain,Bilbao,114 Rue de l'Energie,contact@powersystems95.eu
CLI-01455,WindInstall 25,DE,Stuttgart,29 Rue de l'Energie,contact@windinstall25.eu
CLI-01456,BatSolutions 57,Italie,Turin,95 Rue de l'Energie,contact@batsolutions57.eu
CLI-01457,SolarSolutions 62,Pays-Bas,Amsterdam,33 Rue de l'Energie,contact@solarsolutions62.eu
CLI-01458,EcoPro 55,Germany,Dusseldorf,59 Rue de l'Energie,contact@ecopro55.eu
CLI-01459,InstalInstall 68,France,Toulouse,43 Rue de l'Energie,contact@instalinstall68.eu
CLI-01460,WindDirect 20, France ,Nantes,185 Rue de l'Energie,
CLI-01461,BatGroup 32,Allemagne,Stuttgart,96 Rue de l'Energie,contact@batgroup32.eu
CLI-01462,EcoSolutions 22,Belgium,Antwerp,198 Rue de l'Energie,contact@ecosolutions22.eu
CLI-01463,LumiEurope 23,Spain,Bilbao,122 Rue de l'Energie,contact@lumieurope23.eu
CLI-01464,InstalSystems 29,Italy,Rome,110 Rue de l'Energie,contact@instalsystems29.eu
CLI-01465,EnerTech 71, France ,Lille,,contact@enertech71.eu
CLI-01466,InstalPartners 21,Italy,Milan,26 Rue de l'Energie,
CLI-01467,ThermPartners 29,DE,Hamburg,127 Rue de l'Energie,contact@thermpartners29.eu
CLI-01468,InstalEnergy 69,Allemagne,Stuttgart,123 Rue de l'Energie,contact@instalenergy69.eu
CLI-01469,EcoServices 89,FR,Marseille,42 Rue de l'Energie,contact@ecoservices89.eu
CLI-01470,SunEnergy 20,ES,Bilbao,172 Rue de l'Energie,contact@sunenergy20.eu
CLI-01471,GreenDirect 46,ES,Barcelona,47 Rue de l'Energie,contact@greendirect46.eu
CLI-01472,WindPlus 7,NL,Rotterdam,163 Rue de l'Energie,contact@windplus7.eu
CLI-01473,BatPlus 15,Italie,Milan,102 Rue de l'Energie,contact@batplus15.eu
CLI-01474,SolarGroup 86,france,Toulouse,144 Rue de l'Energie,contact@solargroup86.eu
CLI-01475,GreenTech 85,Spain,Valencia,99 Rue de l'Energie,contact@greentech85.eu
CLI-01476,ThermInstall 30,GERMANY,Hamburg,99 Rue de l'Energie,contact@therminstall30.eu
CLI-01477,WindSystems 33,Italie,Milan,45 Rue de l'Energie,contact@windsystems33.eu
CLI-01478,RenovEnergy 10,Germany,Frankfurt,173 Rue de l'Energie,contact@renovenergy10.eu
CLI-01479,LumiDirect 49,FR,Lyon,116 Rue de l'Energie,contact@lumidirect49.eu
CLI-01480,InstalTech 18,France,Strasbourg,112 Rue de l'Energie,contact@instaltech18.eu
CLI-01481,EnerSolutions 94,France,Strasbourg,19 Rue de l'Energie,contact@enersolutions94.eu
CLI-01482,LumiInstall 60,Italie,Bologna,117 Rue de l'Energie,contact@lumiinstall60.eu
CLI-01483,EnerSolutions 55,GERMANY,Munich,60 Rue de l'Energie,contact@enersolutions55.eu
CLI-01484,VoltPlus 50,Italie,Rome,118 Rue de l'Energie,contact@voltplus50.eu
CLI-01485,ThermPartners 54,NL,Eindhoven,164 Rue de l'Energie,contact@thermpartners54.eu
CLI-01486,EcoPro 78,Spain,Valencia,98 Rue de l'Energie,contact@ecopro78.eu
CLI-01487,GreenServices 16,Netherlands,Utrecht,,contact@greenservices16.eu
CLI-01488,VoltInstall 35,IT,Turin,117 Rue de l'Energie,contact@voltinstall35.eu
CLI-01489,SolarSolutions 54, France ,Paris,80 Rue de l'Energie,contact@solarsolutions54.eu
CLI-01490,LumiGroup 76,GERMANY,Hamburg,23 Rue de l'Energie,contact@lumigroup76.eu
CLI-01491,RenovTech 33,BE,Liege,,contact@renovtech33.eu
CLI-01492,EcoTech 76,Espagne,Sevilla,70 Rue de l'Energie,contact@ecotech76.eu
CLI-01493,EnerPro 82,Pays-Bas,Eindhoven,36 Rue de l'Energie,contact@enerpro82.eu
CLI-01494,RenovSystems 76,GERMANY,Berlin,46 Rue de l'Energie,contact@renovsystems76.eu
CLI-01495,PowerPlus 27,GERMANY,Frankfurt,21 Rue de l'Energie,contact@powerplus27.eu
CLI-01496,LumiInstall 45,BE,Ghent,112 Rue de l'Energie,contact@lumiinstall45.eu
CLI-01497,RenovServices 40,Italie,Turin,19 Rue de l'Energie,contact@renovservices40.eu
CLI-01498,InstalEurope 32,france,Toulouse,116 Rue de l'Energie,contact@instaleurope32.eu
CLI-01499,SunTech 68,FR,Lille,13 Rue de l'Energie,contact@suntech68.eu
CLI-01500,RenovServices 74,france,,41 Rue de l'Energie,contact@renovservices74.eu
CLI-01501,GreenTech 89,Belgium,Liege,123 Rue de l'Energie,contact@greentech89.eu
CLI-01502,ElectraSystems 25,Allemagne,Dusseldorf,106 Rue de l'Energie,contact@electrasystems25.eu
CLI-01503,SolarServices 2,Spain,Barcelona,146 Rue de l'Energie,contact@solarservices2.eu
CLI-01504,RenovEurope 29,Belgique,Antwerp,8 Rue de l'Energie,contact@renoveurope29.eu
CLI-01505,InstalPro 27,GERMANY,Munich,101 Rue de l'Energie,contact@instalpro27.eu
CLI-01506,WindEurope 44,Espagne,Barcelona,121 Rue de l'Energie,contact@windeurope44.eu
CLI-01507,EnerEurope 79,DE,Dusseldorf,67 Rue de l'Energie,contact@enereurope79.eu
CLI-01508,PowerInstall 29,France,Nantes,139 Rue de l'Energie,contact@powerinstall29.eu
CLI-01509,EcoInstall 21,FR,Marseille,,contact@ecoinstall21.eu
CLI-01510,PowerServices 84,France,Bordeaux,,contact@powerservices84.eu
CLI-01511,RenovDirect 87,GERMANY,Cologne,139 Rue de l'Energie,contact@renovdirect87.eu
CLI-01512,RenovDirect 19,Italie,Turin,98 Rue de l'Energie,contact@renovdirect19.eu
CLI-01513,ThermPlus 63, France ,Lyon,17 Rue de l'Energie,contact@thermplus63.eu
CLI-01514,BatSystems 8,FR,Toulouse,94 Rue de l'Energie,contact@batsystems8.eu
CLI-01515,SunInstall 51,IT,Naples,193 Rue de l'Energie,contact@suninstall51.eu
CLI-01516,EcoServices 18,Belgique,,160 Rue de l'Energie,contact@ecoservices18.eu
CLI-01517,PowerEurope 14,FR,Nantes,3 Rue de l'Energie,contact@powereurope14.eu
CLI-01518,VoltPro 94,France,Strasbourg,110 Rue de l'Energie,contact@voltpro94.eu
CLI-01519,BatInstall 19,IT,Bologna,89 Rue de l'Energie,contact@batinstall19.eu
CLI-01520,GreenEnergy 83,BE,Brussels,21 Rue de l'Energie,contact@greenenergy83.eu
CLI-01521,BatGroup 22,FR,Bordeaux,,contact@batgroup22.eu
CLI-01522,GreenPartners 38,IT,Milan,149 Rue de l'Energie,contact@greenpartners38.eu
CLI-01523,EnerGroup 92,Belgium,Brussels,170 Rue de l'Energie,contact@energroup92.eu
CLI-01524,VoltDirect 53,BE,Brussels,140 Rue de l'Energie,contact@voltdirect53.eu
CLI-01525,ThermPlus 89, France ,Strasbourg,67 Rue de l'Energie,contact@thermplus89.eu
CLI-01526,SunTech 50,IT,Rome,59 Rue de l'Energie,contact@suntech50.eu
CLI-01527,ThermSolutions 44,France,Strasbourg,82 Rue de l'Energie,contact@thermsolutions44.eu
CLI-01528,PowerInstall 98,Espagne,Valencia,66 Rue de l'Energie,contact@powerinstall98.eu
CLI-01529,VoltServices 81,FR,Toulouse,197 Rue de l'Energie,contact@voltservices81.eu
CLI-01530,EnerTech 16, France ,Lyon,11 Rue de l'Energie,contact@enertech16.eu
CLI-01531,InstalDirect 79,Spain,Sevilla,19 Rue de l'Energie,contact@instaldirect79.eu
CLI-01532,RenovTech 81,Italy,Turin,91 Rue de l'Energie,contact@renovtech81.eu
CLI-01533,GreenEurope 41,Espagne,Valencia,196 Rue de l'Energie,contact@greeneurope41.eu
CLI-01534,PowerDirect 33,FR,,117 Rue de l'Energie,contact@powerdirect33.eu
CLI-01535,GreenPro 49,Italy,Rome,83 Rue de l'Energie,contact@greenpro49.eu
CLI-01536,BatServices 25,Belgique,Liege,178 Rue de l'Energie,contact@batservices25.eu
CLI-01537,SunGroup 3,NL,Utrecht,133 Rue de l'Energie,contact@sungroup3.eu
CLI-01538,SunGroup 3,Belgium,Brussels,,contact@sungroup3.eu
CLI-01539,EnerEurope 99,IT,Turin,175 Rue de l'Energie,contact@enereurope99.eu
CLI-01540,PowerInstall 82,Espagne,Barcelona,154 Rue de l'Energie,contact@powerinstall82.eu
CLI-01541,VoltGroup 41,FR,,92 Rue de l'Energie,contact@voltgroup41.eu
CLI-01542,WindPartners 11,FR,Lille,35 Rue de l'Energie,
CLI-01543,GreenEurope 37,Spain,Barcelona,197 Rue de l'Energie,contact@greeneurope37.eu
CLI-01544,InstalPlus 90,Espagne,Valencia,112 Rue de l'Energie,contact@instalplus90.eu
CLI-01545,GreenEurope 93,IT,Bologna,47 Rue de l'Energie,contact@greeneurope93.eu
CLI-01546,LumiPartners 4,Allemagne,Hamburg,53 Rue de l'Energie,contact@lumipartners4.eu
CLI-01547,SolarTech 35,DE,Dusseldorf,41 Rue de l'Energie,contact@solartech35.eu
CLI-01548,EnerSolutions 10,france,Marseille,131 Rue de l'Energie,contact@enersolutions10.eu
CLI-01549,GreenInstall 70,ES,,103 Rue de l'Energie,contact@greeninstall70.eu
CLI-01550,ElectraSystems 34,Italie,Milan,100 Rue de l'Energie,contact@electrasystems34.eu
CLI-01551,SolarInstall 23, France ,Paris,135 Rue de l'Energie,contact@solarinstall23.eu
CLI-01552,RenovInstall 82,GERMANY,Dusseldorf,103 Rue de l'Energie,contact@renovinstall82.eu
CLI-01553,RenovSolutions 28,france,Lille,29 Rue de l'Energie,contact@renovsolutions28.eu
CLI-01554,GreenPro 25,DE,Munich,,contact@greenpro25.eu
CLI-01555,ElectraServices 15,france,Bordeaux,131 Rue de l'Energie,contact@electraservices15.eu
CLI-01556,EnerGroup 79,BE,Brussels,195 Rue de l'Energie,contact@energroup79.eu
CLI-01557,LumiDirect 68,Netherlands,Utrecht,132 Rue de l'Energie,contact@lumidirect68.eu
CLI-01558,EcoInstall 55,GERMANY,Berlin,,contact@ecoinstall55.eu
CLI-01559,WindServices 96,FR,Paris,50 Rue de l'Energie,contact@windservices96.eu
CLI-01560,ThermTech 42,FR,Nantes,136 Rue de l'Energie,contact@thermtech42.eu
CLI-01561,ElectraDirect 21, France ,Nantes,158 Rue de l'Energie,contact@electradirect21.eu
CLI-01562,SolarGroup 51,Italie,Milan,42 Rue de l'Energie,contact@solargroup51.eu
CLI-01563,GreenPartners 27,Pays-Bas,Rotterdam,99 Rue de l'Energie,contact@greenpartners27.eu
CLI-01564,PowerDirect 11,france,Strasbourg,162 Rue de l'Energie,contact@powerdirect11.eu
CLI-01565,GreenInstall 59,Italy,Bologna,142 Rue de l'Energie,contact@greeninstall59.eu
CLI-01566,EcoSolutions 85,FR,Lyon,58 Rue de l'Energie,contact@ecosolutions85.eu
CLI-01567,RenovServices 45,Spain,Bilbao,154 Rue de l'Energie,contact@renovservices45.eu
CLI-01568,InstalDirect 90,Germany,Stuttgart,124 Rue de l'Energie,contact@instaldirect90.eu
CLI-01569,BatEurope 22,France,Nantes,138 Rue de l'Energie,contact@bateurope22.eu
CLI-01570,InstalPro 80,Italy,Rome,114 Rue de l'Energie,contact@instalpro80.eu
CLI-01571,WindEurope 54,Belgique,Brussels,165 Rue de l'Energie,contact@windeurope54.eu
CLI-01572,GreenDirect 87,Germany,Frankfurt,188 Rue de l'Energie,contact@greendirect87.eu
CLI-01573,PowerPartners 50,DE,Dusseldorf,91 Rue de l'Energie,contact@powerpartners50.eu
CLI-01574,SunEurope 65,DE,Munich,58 Rue de l'Energie,contact@suneurope65.eu
CLI-01575,InstalGroup 95,ES,,149 Rue de l'Energie,contact@instalgroup95.eu
CLI-01576,GreenEurope 53, France ,Strasbourg,78 Rue de l'Energie,contact@greeneurope53.eu
CLI-01577,SolarPartners 1,Espagne,Sevilla,118 Rue de l'Energie,contact@solarpartners1.eu
CLI-01578,ThermEurope 74,france,Nantes,20 Rue de l'Energie,contact@thermeurope74.eu
CLI-01579,BatEnergy 15,ES,Bilbao,74 Rue de l'Energie,contact@batenergy15.eu
CLI-01580,PowerDirect 75,Espagne,Barcelona,28 Rue de l'Energie,contact@powerdirect75.eu
CLI-01581,SunEnergy 41,Spain,Madrid,43 Rue de l'Energie,contact@sunenergy41.eu
CLI-01582,WindSolutions 16,Germany,Berlin,36 Rue de l'Energie,contact@windsolutions16.eu
CLI-01583,LumiTech 3,DE,Cologne,65 Rue de l'Energie,contact@lumitech3.eu
CLI-01584,BatPlus 6,france,Toulouse,171 Rue de l'Energie,contact@batplus6.eu
CLI-01585,SunDirect 14,Espagne,Sevilla,61 Rue de l'Energie,
CLI-01586,SolarTech 1,DE,Hamburg,,contact@solartech1.eu
CLI-01587,LumiEurope 46,Espagne,Madrid,92 Rue de l'Energie,contact@lumieurope46.eu
CLI-01588,BatGroup 70,france,Toulouse,146 Rue de l'Energie,contact@batgroup70.eu
CLI-01589,ThermPro 68,BE,Brussels,165 Rue de l'Energie,contact@thermpro68.eu
CLI-01590,PowerSystems 89,Spain,Barcelona,,contact@powersystems89.eu
CLI-01591,GreenEurope 77,Netherlands,Utrecht,71 Rue de l'Energie,contact@greeneurope77.eu
CLI-01592,BatSystems 22,Allemagne,Frankfurt,97 Rue de l'Energie,contact@batsystems22.eu
CLI-01593,LumiEurope 56, France ,Nantes,109 Rue de l'Energie,contact@lumieurope56.eu
CLI-01594,LumiTech 43,Italy,Milan,163 Rue de l'Energie,contact@lumitech43.eu
CLI-01595,VoltEnergy 62,IT,Turin,74 Rue de l'Energie,contact@voltenergy62.eu
CLI-01596,PowerSystems 22,Spain,Bilbao,60 Rue de l'Energie,contact@powersystems22.eu
CLI-01597,GreenEnergy 43,Allemagne,Berlin,43 Rue de l'Energie,contact@greenenergy43.eu
CLI-01598,RenovServices 51,Spain,Madrid,24 Rue de l'Energie,contact@renovservices51.eu
CLI-01599,EcoPlus 19,Espagne,Sevilla,127 Rue de l'Energie,contact@ecoplus19.eu
CLI-01600,RenovServices 80,Allemagne,Cologne,183 Rue de l'Energie,contact@renovservices80.eu
CLI-01601,GreenPlus 45,FR,Bordeaux,81 Rue de l'Energie,contact@greenplus45.eu
CLI-01602,WindEurope 11,GERMANY,Frankfurt,87 Rue de l'Energie,contact@windeurope11.eu
CLI-01603,SunEurope 12,ES,Valencia,79 Rue de l'Energie,contact@suneurope12.eu
CLI-01604,WindSolutions 39,GERMANY,Munich,188 Rue de l'Energie,contact@windsolutions39.eu
CLI-01605,EnerSystems 75,france,Strasbourg,147 Rue de l'Energie,contact@enersystems75.eu
CLI-01606,EcoTech 43,Italy,Naples,137 Rue de l'Energie,contact@ecotech43.eu
CLI-01607,EnerPro 89,DE,Frankfurt,165 Rue de l'Energie,contact@enerpro89.eu
CLI-01608,ElectraGroup 65,FR,Paris,143 Rue de l'Energie,contact@electragroup65.eu
CLI-01609,EcoTech 37,GERMANY,Frankfurt,176 Rue de l'Energie,contact@ecotech37.eu
CLI-01610,PowerSystems 85,DE,Hamburg,187 Rue de l'Energie,contact@powersystems85.eu
CLI-01611,EnerPartners 73,Italy,Milan,176 Rue de l'Energie,contact@enerpartners73.eu
CLI-01612,EnerDirect 62,BE,Liege,42 Rue de l'Energie,contact@enerdirect62.eu
CLI-01613,EcoServices 51,Netherlands,Utrecht,148 Rue de l'Energie,contact@ecoservices51.eu
CLI-01614,WindTech 79,Italie,Turin,8 Rue de l'Energie,contact@windtech79.eu
CLI-01615,WindGroup 30,Germany,Cologne,60 Rue de l'Energie,contact@windgroup30.eu
CLI-01616,RenovPro 70,GERMANY,Berlin,75 Rue de l'Energie,contact@renovpro70.eu
CLI-01617,RenovPartners 67,france,Bordeaux,172 Rue de l'Energie,contact@renovpartners67.eu
CLI-01618,ElectraSystems 63,Allemagne,Munich,147 Rue de l'Energie,contact@electrasystems63.eu
CLI-01619,BatEurope 7,Netherlands,Amsterdam,113 Rue de l'Energie,contact@bateurope7.eu
CLI-01620,ThermPlus 10,DE,Stuttgart,139 Rue de l'Energie,contact@thermplus10.eu
CLI-01621,VoltTech 43,Italie,Milan,68 Rue de l'Energie,contact@volttech43.eu
CLI-01622,PowerGroup 98,Italy,Rome,101 Rue de l'Energie,contact@powergroup98.eu
CLI-01623,ThermTech 27,france,Toulouse,138 Rue de l'Energie,contact@thermtech27.eu
CLI-01624,BatPartners 11,france,Strasbourg,87 Rue de l'Energie,contact@batpartners11.eu
CLI-01625,BatPro 57, France ,Marseille,95 Rue de l'Energie,contact@batpro57.eu
CLI-01626,LumiServices 29,Allemagne,Frankfurt,169 Rue de l'Energie,contact@lumiservices29.eu
CLI-01627,RenovTech 99,Italie,,33 Rue de l'Energie,contact@renovtech99.eu
CLI-01628,LumiServices 75,Italy,Milan,,contact@lumiservices75.eu
CLI-01629,SunSolutions 83,IT,Bologna,63 Rue de l'Energie,contact@sunsolutions83.eu
CLI-01630,BatPartners 13,France,Nantes,,contact@batpartners13.eu
CLI-01631,EcoInstall 9,france,Strasbourg,136 Rue de l'Energie,contact@ecoinstall9.eu
CLI-01632,EnerServices 89,Allemagne,Frankfurt,154 Rue de l'Energie,contact@enerservices89.eu
CLI-01633,LumiTech 91,Germany,Dusseldorf,140 Rue de l'Energie,contact@lumitech91.eu
CLI-01634,EnerSystems 82,IT,Bologna,64 Rue de l'Energie,contact@enersystems82.eu
CLI-01635,EcoEurope 63,DE,Frankfurt,30 Rue de l'Energie,contact@ecoeurope63.eu
CLI-01636,LumiTech 85,DE,Stuttgart,62 Rue de l'Energie,contact@lumitech85.eu
CLI-01637,ElectraEurope 54, France ,Marseille,88 Rue de l'Energie,contact@electraeurope54.eu
CLI-01638,InstalEnergy 33,Germany,Frankfurt,175 Rue de l'Energie,contact@instalenergy33.eu
CLI-01639,WindPlus 27,france,Strasbourg,163 Rue de l'Energie,contact@windplus27.eu
CLI-01640,EnerTech 25,France,Nantes,55 Rue de l'Energie,
CLI-01641,GreenPartners 14,Allemagne,Frankfurt,174 Rue de l'Energie,contact@greenpartners14.eu
CLI-01642,LumiSystems 28,Italy,Rome,148 Rue de l'Energie,contact@lumisystems28.eu
CLI-01643,InstalPlus 78,Germany,Stuttgart,45 Rue de l'Energie,contact@instalplus78.eu
CLI-01644,InstalEnergy 41,france,Strasbourg,181 Rue de l'Energie,contact@instalenergy41.eu
CLI-01645,VoltSolutions 63,Germany,Stuttgart,51 Rue de l'Energie,
CLI-01646,EnerPro 97,IT,Naples,70 Rue de l'Energie,contact@enerpro97.eu
CLI-01647,EcoEurope 65,France,Bordeaux,53 Rue de l'Energie,contact@ecoeurope65.eu
CLI-01648,EcoDirect 30,Italy,,195 Rue de l'Energie,contact@ecodirect30.eu
CLI-01649,RenovTech 78,France,Toulouse,29 Rue de l'Energie,contact@renovtech78.eu
CLI-01650,BatInstall 3,DE,Stuttgart,102 Rue de l'Energie,contact@batinstall3.eu
CLI-01651,SunPro 84,FR,Paris,60 Rue de l'Energie,contact@sunpro84.eu
CLI-01652,VoltGroup 18,Spain,Valencia,72 Rue de l'Energie,contact@voltgroup18.eu
CLI-01653,BatDirect 35,Spain,Bilbao,41 Rue de l'Energie,contact@batdirect35.eu
CLI-01654,SolarEurope 62,france,Lyon,163 Rue de l'Energie,contact@solareurope62.eu
CLI-01655,SolarEurope 94, France ,Strasbourg,100 Rue de l'Energie,contact@solareurope94.eu
CLI-01656,GreenSolutions 48,Germany,Munich,77 Rue de l'Energie,contact@greensolutions48.eu
CLI-01657,GreenInstall 13,France,Toulouse,160 Rue de l'Energie,contact@greeninstall13.eu
CLI-01658,EnerDirect 49,DE,Frankfurt,4 Rue de l'Energie,contact@enerdirect49.eu
CLI-01659,SolarSolutions 5,Spain,Barcelona,200 Rue de l'Energie,contact@solarsolutions5.eu
CLI-01660,EnerEurope 47,Italy,,140 Rue de l'Energie,contact@enereurope47.eu
CLI-01661,WindTech 8,Germany,Cologne,35 Rue de l'Energie,contact@windtech8.eu
CLI-01662,InstalGroup 28,Pays-Bas,Amsterdam,49 Rue de l'Energie,contact@instalgroup28.eu
CLI-01663,EnerPro 27,GERMANY,Munich,191 Rue de l'Energie,contact@enerpro27.eu
CLI-01664,GreenSolutions 16,Spain,Sevilla,65 Rue de l'Energie,contact@greensolutions16.eu
CLI-01665,InstalPro 64,Italy,Bologna,141 Rue de l'Energie,contact@instalpro64.eu
CLI-01666,VoltEnergy 40,DE,Berlin,38 Rue de l'Energie,contact@voltenergy40.eu
CLI-01667,GreenSystems 19,France,Marseille,4 Rue de l'Energie,contact@greensystems19.eu
CLI-01668,InstalPro 19,Belgique,Ghent,171 Rue de l'Energie,contact@instalpro19.eu
CLI-01669,VoltGroup 24,GERMANY,Dusseldorf,54 Rue de l'Energie,contact@voltgroup24.eu
CLI-01670,EnerServices 17,ES,Valencia,167 Rue de l'Energie,contact@enerservices17.eu
CLI-01671,ThermSolutions 35,ES,Madrid,92 Rue de l'Energie,contact@thermsolutions35.eu
CLI-01672,EnerPro 74,Germany,Munich,138 Rue de l'Energie,contact@enerpro74.eu
CLI-01673,ElectraInstall 97,france,Lille,138 Rue de l'Energie,contact@electrainstall97.eu
CLI-01674,ElectraPlus 54,DE,Dusseldorf,98 Rue de l'Energie,contact@electraplus54.eu
CLI-01675,SunGroup 34,Germany,Hamburg,60 Rue de l'Energie,contact@sungroup34.eu
CLI-01676,LumiTech 63,NL,Amsterdam,146 Rue de l'Energie,contact@lumitech63.eu
CLI-01677,LumiDirect 93,FR,Lille,187 Rue de l'Energie,contact@lumidirect93.eu
CLI-01678,SunPartners 35,Italie,Rome,115 Rue de l'Energie,contact@sunpartners35.eu
CLI-01679,LumiPartners 53,france,Toulouse,48 Rue de l'Energie,contact@lumipartners53.eu
CLI-01680,EcoDirect 94, France ,,191 Rue de l'Energie,contact@ecodirect94.eu
CLI-01681,EcoServices 1,Belgium,Brussels,,contact@ecoservices1.eu
CLI-01682,VoltServices 76,Italy,Bologna,1 Rue de l'Energie,contact@voltservices76.eu
CLI-01683,EnerEnergy 16,IT,Milan,6 Rue de l'Energie,contact@enerenergy16.eu
CLI-01684,BatServices 18, France ,Marseille,117 Rue de l'Energie,contact@batservices18.eu
CLI-01685,LumiDirect 59,Germany,Dusseldorf,139 Rue de l'Energie,contact@lumidirect59.eu
CLI-01686,EnerPartners 55,GERMANY,Dusseldorf,100 Rue de l'Energie,contact@enerpartners55.eu
CLI-01687,ThermServices 32,BE,Ghent,25 Rue de l'Energie,contact@thermservices32.eu
CLI-01688,ElectraPro 41,Germany,Berlin,143 Rue de l'Energie,contact@electrapro41.eu
CLI-01689,InstalEurope 40,DE,Munich,49 Rue de l'Energie,contact@instaleurope40.eu
CLI-01690,WindServices 42,Spain,Madrid,106 Rue de l'Energie,
CLI-01691,SunEurope 91,NL,Utrecht,111 Rue de l'Energie,contact@suneurope91.eu
CLI-01692,SunPlus 93,France,Marseille,181 Rue de l'Energie,contact@sunplus93.eu
CLI-01693,GreenPlus 29,Espagne,,197 Rue de l'Energie,contact@greenplus29.eu
CLI-01694,GreenTech 68,NL,Eindhoven,18 Rue de l'Energie,contact@greentech68.eu
CLI-01695,EcoSystems 82,Belgium,Liege,41 Rue de l'Energie,contact@ecosystems82.eu
CLI-01696,SolarEnergy 12,Netherlands,Amsterdam,198 Rue de l'Energie,contact@solarenergy12.eu
CLI-01697,ElectraPro 88,ES,Madrid,161 Rue de l'Energie,contact@electrapro88.eu
CLI-01698,SolarEnergy 86,GERMANY,Cologne,9 Rue de l'Energie,contact@solarenergy86.eu
CLI-01699,PowerInstall 4,France,Bordeaux,144 Rue de l'Energie,contact@powerinstall4.eu
CLI-01700,RenovDirect 23,FR,Lyon,33 Rue de l'Energie,contact@renovdirect23.eu
CLI-01701,WindPro 17,Spain,Madrid,68 Rue de l'Energie,contact@windpro17.eu
CLI-01702,PowerSystems 29,france,Lille,186 Rue de l'Energie,contact@powersystems29.eu
CLI-01703,VoltInstall 29,Espagne,Barcelona,7 Rue de l'Energie,contact@voltinstall29.eu
CLI-01704,VoltDirect 96,FR,Nantes,80 Rue de l'Energie,contact@voltdirect96.eu
CLI-01705,EnerGroup 53,FR,Lille,82 Rue de l'Energie,contact@energroup53.eu
CLI-01706,ThermSolutions 51, France ,Strasbourg,131 Rue de l'Energie,contact@thermsolutions51.eu
CLI-01707,RenovInstall 20,Italy,Turin,20 Rue de l'Energie,contact@renovinstall20.eu
CLI-01708,BatPartners 57,Allemagne,Frankfurt,76 Rue de l'Energie,contact@batpartners57.eu
CLI-01709,SolarPlus 27,ES,Bilbao,,contact@solarplus27.eu
CLI-01710,ElectraEurope 62,IT,Turin,33 Rue de l'Energie,contact@electraeurope62.eu
CLI-01711,SolarEnergy 93,IT,Turin,193 Rue de l'Energie,contact@solarenergy93.eu
CLI-01712,WindPlus 56,france,Lyon,193 Rue de l'Energie,contact@windplus56.eu
CLI-01713,SolarInstall 85,Allemagne,Munich,165 Rue de l'Energie,contact@solarinstall85.eu
CLI-01714,InstalServices 70,France,Strasbourg,119 Rue de l'Energie,contact@instalservices70.eu
CLI-01715,EcoSystems 87,Allemagne,Hamburg,129 Rue de l'Energie,contact@ecosystems87.eu
CLI-01716,LumiInstall 69,Germany,Hamburg,104 Rue de l'Energie,contact@lumiinstall69.eu
CLI-01717,BatPro 6,DE,Berlin,95 Rue de l'Energie,contact@batpro6.eu
CLI-01718,EcoTech 16, France ,Marseille,157 Rue de l'Energie,contact@ecotech16.eu
CLI-01719,VoltSolutions 13, France ,Toulouse,15 Rue de l'Energie,contact@voltsolutions13.eu
CLI-01720,LumiGroup 71,Espagne,Madrid,13 Rue de l'Energie,contact@lumigroup71.eu
CLI-01721,EcoEnergy 61,France,Paris,193 Rue de l'Energie,contact@ecoenergy61.eu
CLI-01722,InstalPlus 72,ES,Sevilla,,contact@instalplus72.eu
CLI-01723,InstalSystems 88,Italie,Rome,193 Rue de l'Energie,contact@instalsystems88.eu
CLI-01724,BatPlus 60,france,Bordeaux,3 Rue de l'Energie,contact@batplus60.eu
CLI-01725,EcoSystems 68,Netherlands,Utrecht,6 Rue de l'Energie,contact@ecosystems68.eu
CLI-01726,BatGroup 67,Germany,Dusseldorf,200 Rue de l'Energie,contact@batgroup67.eu
CLI-01727,EnerInstall 14,ES,Sevilla,,contact@enerinstall14.eu
CLI-01728,GreenServices 87,Espagne,Barcelona,151 Rue de l'Energie,contact@greenservices87.eu
CLI-01729,EnerPartners 26,GERMANY,Dusseldorf,59 Rue de l'Energie,contact@enerpartners26.eu
CLI-01730,SolarSolutions 37,Germany,Berlin,184 Rue de l'Energie,contact@solarsolutions37.eu
CLI-01731,SolarTech 22,Allemagne,Cologne,76 Rue de l'Energie,contact@solartech22.eu
CLI-01732,GreenSolutions 16, France ,Lille,99 Rue de l'Energie,contact@greensolutions16.eu
CLI-01733,VoltEnergy 51,GERMANY,Dusseldorf,,contact@voltenergy51.eu
CLI-01734,LumiDirect 16,DE,Frankfurt,94 Rue de l'Energie,contact@lumidirect16.eu
CLI-01735,WindTech 95,Netherlands,Amsterdam,77 Rue de l'Energie,contact@windtech95.eu
CLI-01736,EcoServices 47,France,Paris,167 Rue de l'Energie,contact@ecoservices47.eu
CLI-01737,BatServices 90,Italie,Turin,159 Rue de l'Energie,contact@batservices90.eu
CLI-01738,ElectraPro 29,France,Bordeaux,,contact@electrapro29.eu
CLI-01739,BatTech 41,Spain,Madrid,,contact@battech41.eu
CLI-01740,WindDirect 71,GERMANY,Stuttgart,104 Rue de l'Energie,contact@winddirect71.eu
CLI-01741,BatSystems 30,ES,,24 Rue de l'Energie,
CLI-01742,VoltInstall 34,FR,Bordeaux,150 Rue de l'Energie,contact@voltinstall34.eu
CLI-01743,EcoPartners 44,france,Strasbourg,29 Rue de l'Energie,contact@ecopartners44.eu
CLI-01744,WindPro 18,Belgium,Liege,196 Rue de l'Energie,contact@windpro18.eu
CLI-01745,GreenInstall 82,Germany,Hamburg,154 Rue de l'Energie,contact@greeninstall82.eu
CLI-01746,SunEnergy 56,Allemagne,Munich,109 Rue de l'Energie,contact@sunenergy56.eu
CLI-01747,VoltPro 4, France ,Lyon,129 Rue de l'Energie,contact@voltpro4.eu
CLI-01748,ElectraPlus 97,Italy,Bologna,186 Rue de l'Energie,contact@electraplus97.eu
CLI-01749,ElectraTech 24,GERMANY,Munich,19 Rue de l'Energie,contact@electratech24.eu
CLI-01750,ThermSolutions 50,Germany,Frankfurt,45 Rue de l'Energie,contact@thermsolutions50.eu
CLI-01751,PowerSolutions 58,DE,Cologne,77 Rue de l'Energie,contact@powersolutions58.eu
CLI-01752,SolarGroup 84,GERMANY,Munich,37 Rue de l'Energie,contact@solargroup84.eu
CLI-01753,WindServices 94,Italie,Rome,103 Rue de l'Energie,contact@windservices94.eu
CLI-01754,EcoPartners 56,GERMANY,Munich,105 Rue de l'Energie,contact@ecopartners56.eu
CLI-01755,ElectraInstall 76,Italie,Naples,15 Rue de l'Energie,contact@electrainstall76.eu
CLI-01756,SolarSystems 4,Italie,Turin,155 Rue de l'Energie,contact@solarsystems4.eu
CLI-01757,EnerSystems 77,GERMANY,Stuttgart,66 Rue de l'Energie,contact@enersystems77.eu
CLI-01758,PowerGroup 8,Espagne,Valencia,153 Rue de l'Energie,contact@powergroup8.eu
CLI-01759,GreenInstall 10,Germany,Hamburg,135 Rue de l'Energie,contact@greeninstall10.eu
CLI-01760,PowerDirect 17,GERMANY,Dusseldorf,47 Rue de l'Energie,contact@powerdirect17.eu
CLI-01761,VoltPro 14,Netherlands,Rotterdam,95 Rue de l'Energie,contact@voltpro14.eu
CLI-01762,EnerInstall 22,Spain,Sevilla,41 Rue de l'Energie,contact@enerinstall22.eu
CLI-01763,BatPartners 52,FR,Bordeaux,,contact@batpartners52.eu
CLI-01764,SolarServices 75,DE,Cologne,47 Rue de l'Energie,contact@solarservices75.eu
CLI-01765,EnerEnergy 24,Pays-Bas,Amsterdam,127 Rue de l'Energie,contact@enerenergy24.eu
CLI-01766,EnerGroup 60,Germany,Dusseldorf,21 Rue de l'Energie,contact@energroup60.eu
CLI-01767,WindPlus 2,Belgium,Brussels,51 Rue de l'Energie,contact@windplus2.eu
CLI-01768,SunInstall 74,DE,Hamburg,113 Rue de l'Energie,contact@suninstall74.eu
CLI-01769,ElectraTech 70,DE,Munich,9 Rue de l'Energie,contact@electratech70.eu
CLI-01770,GreenSystems 79,Allemagne,Berlin,155 Rue de l'Energie,contact@greensystems79.eu
CLI-01771,InstalGroup 24,France,Marseille,147 Rue de l'Energie,contact@instalgroup24.eu
CLI-01772,SunEurope 55,Germany,Berlin,111 Rue de l'Energie,contact@suneurope55.eu
CLI-01773,VoltSolutions 71,Espagne,Barcelona,53 Rue de l'Energie,contact@voltsolutions71.eu
CLI-01774,WindTech 58,Italie,Naples,,contact@windtech58.eu
CLI-01775,RenovGroup 47,IT,Bologna,6 Rue de l'Energie,contact@renovgroup47.eu
CLI-01776,LumiSolutions 77,Spain,Madrid,198 Rue de l'Energie,contact@lumisolutions77.eu
CLI-01777,BatServices 80,Italy,Turin,139 Rue de l'Energie,contact@batservices80.eu
CLI-01778,WindServices 32,FR,Marseille,43 Rue de l'Energie,contact@windservices32.eu
CLI-01779,ThermSystems 45,France,Nantes,187 Rue de l'Energie,contact@thermsystems45.eu
CLI-01780,ThermTech 29,GERMANY,Stuttgart,142 Rue de l'Energie,contact@thermtech29.eu
CLI-01781,EcoServices 25,Italy,Naples,64 Rue de l'Energie,contact@ecoservices25.eu
CLI-01782,InstalPartners 4,Allemagne,Berlin,190 Rue de l'Energie,contact@instalpartners4.eu
CLI-01783,InstalEnergy 12,FR,Bordeaux,15 Rue de l'Energie,contact@instalenergy12.eu
CLI-01784,BatEurope 77,Espagne,Valencia,15 Rue de l'Energie,contact@bateurope77.eu
CLI-01785,EnerGroup 59,Allemagne,Munich,72 Rue de l'Energie,contact@energroup59.eu
CLI-01786,InstalEnergy 83,Germany,Cologne,115 Rue de l'Energie,contact@instalenergy83.eu
CLI-01787,GreenInstall 58,France,Marseille,26 Rue de l'Energie,contact@greeninstall58.eu
CLI-01788,BatEnergy 61,Allemagne,Frankfurt,131 Rue de l'Energie,contact@batenergy61.eu
CLI-01789,RenovTech 80,GERMANY,,197 Rue de l'Energie,contact@renovtech80.eu
CLI-01790,SunSystems 18,ES,Bilbao,43 Rue de l'Energie,contact@sunsystems18.eu
CLI-01791,WindTech 41,Spain,Valencia,185 Rue de l'Energie,contact@windtech41.eu
CLI-01792,EcoPlus 7,Espagne,Valencia,125 Rue de l'Energie,contact@ecoplus7.eu
CLI-01793,LumiSolutions 48,france,Strasbourg,40 Rue de l'Energie,contact@lumisolutions48.eu
CLI-01794,ThermPlus 42,France,,189 Rue de l'Energie,contact@thermplus42.eu
CLI-01795,VoltTech 56,IT,Bologna,148 Rue de l'Energie,contact@volttech56.eu
CLI-01796,LumiEurope 72, France ,Marseille,92 Rue de l'Energie,contact@lumieurope72.eu
CLI-01797,RenovPartners 86,france,Strasbourg,71 Rue de l'Energie,contact@renovpartners86.eu
CLI-01798,RenovPartners 68,Spain,Valencia,139 Rue de l'Energie,contact@renovpartners68.eu
CLI-01799,GreenInstall 23,Spain,Sevilla,69 Rue de l'Energie,contact@greeninstall23.eu
CLI-01800,WindEnergy 28,Espagne,Barcelona,189 Rue de l'Energie,contact@windenergy28.eu
CLI-01801,GreenSolutions 24,Allemagne,Cologne,,contact@greensolutions24.eu
CLI-01802,GreenEnergy 58,Spain,Sevilla,49 Rue de l'Energie,contact@greenenergy58.eu
CLI-01803,EnerSolutions 21,FR,Paris,23 Rue de l'Energie,contact@enersolutions21.eu
CLI-01804,LumiDirect 84,ES,Madrid,178 Rue de l'Energie,contact@lumidirect84.eu
CLI-01805,BatSystems 7,Allemagne,Hamburg,48 Rue de l'Energie,contact@batsystems7.eu
CLI-01806,RenovServices 79,Spain,Madrid,,contact@renovservices79.eu
CLI-01807,ElectraEurope 23,FR,Toulouse,119 Rue de l'Energie,contact@electraeurope23.eu
CLI-01808,RenovTech 54,France,Paris,37 Rue de l'Energie,contact@renovtech54.eu
CLI-01809,PowerPro 88,GERMANY,Hamburg,15 Rue de l'Energie,contact@powerpro88.eu
CLI-01810,EcoDirect 68,france,Bordeaux,,contact@ecodirect68.eu
CLI-01811,PowerPro 57, France ,Bordeaux,58 Rue de l'Energie,contact@powerpro57.eu
CLI-01812,InstalInstall 15,Belgium,Antwerp,159 Rue de l'Energie,contact@instalinstall15.eu
CLI-01813,GreenServices 92,Netherlands,Utrecht,71 Rue de l'Energie,contact@greenservices92.eu
CLI-01814,VoltSolutions 60,BE,Antwerp,100 Rue de l'Energie,contact@voltsolutions60.eu
CLI-01815,SolarInstall 89,DE,Dusseldorf,155 Rue de l'Energie,contact@solarinstall89.eu
CLI-01816,PowerPro 61,france,Bordeaux,26 Rue de l'Energie,contact@powerpro61.eu
CLI-01817,LumiEurope 73,Netherlands,Eindhoven,179 Rue de l'Energie,contact@lumieurope73.eu
CLI-01818,VoltEnergy 35,france,Toulouse,128 Rue de l'Energie,contact@voltenergy35.eu
CLI-01819,InstalServices 65,GERMANY,Hamburg,115 Rue de l'Energie,contact@instalservices65.eu
CLI-01820,InstalPartners 48,FR,Bordeaux,195 Rue de l'Energie,contact@instalpartners48.eu
CLI-01821,GreenServices 67, France ,,69 Rue de l'Energie,contact@greenservices67.eu
CLI-01822,EcoPartners 44,Pays-Bas,Utrecht,124 Rue de l'Energie,contact@ecopartners44.eu
CLI-01823,EcoSystems 76,France,Bordeaux,9 Rue de l'Energie,contact@ecosystems76.eu
CLI-01824,ThermInstall 7,Allemagne,Hamburg,166 Rue de l'Energie,contact@therminstall7.eu
CLI-01825,ElectraPartners 34,france,Strasbourg,14 Rue de l'Energie,contact@electrapartners34.eu
CLI-01826,BatPlus 45,GERMANY,Frankfurt,107 Rue de l'Energie,contact@batplus45.eu
CLI-01827,PowerPartners 9,BE,Antwerp,178 Rue de l'Energie,contact@powerpartners9.eu
CLI-01828,LumiTech 8,DE,Cologne,179 Rue de l'Energie,contact@lumitech8.eu
CLI-01829,WindTech 90, France ,Bordeaux,144 Rue de l'Energie,contact@windtech90.eu
CLI-01830,InstalInstall 5,france,Lille,59 Rue de l'Energie,contact@instalinstall5.eu
CLI-01831,EcoTech 51,BE,Antwerp,171 Rue de l'Energie,contact@ecotech51.eu
CLI-01832,EnerPartners 18,DE,Dusseldorf,108 Rue de l'Energie,contact@enerpartners18.eu
CLI-01833,InstalPro 79,Belgium,Ghent,116 Rue de l'Energie,contact@instalpro79.eu
CLI-01834,InstalSystems 87,Germany,Cologne,193 Rue de l'Energie,contact@instalsystems87.eu
CLI-01835,GreenDirect 66,GERMANY,Dusseldorf,7 Rue de l'Energie,contact@greendirect66.eu
CLI-01836,BatTech 86,Pays-Bas,Utrecht,36 Rue de l'Energie,contact@battech86.eu
CLI-01837,ThermPartners 55,Germany,Hamburg,103 Rue de l'Energie,contact@thermpartners55.eu
CLI-01838,GreenTech 98,Germany,Munich,42 Rue de l'Energie,contact@greentech98.eu
CLI-01839,VoltServices 75,Belgique,Brussels,131 Rue de l'Energie,contact@voltservices75.eu
CLI-01840,VoltPro 72,Netherlands,Rotterdam,83 Rue de l'Energie,contact@voltpro72.eu
CLI-01841,VoltPro 59,Italie,Rome,2 Rue de l'Energie,contact@voltpro59.eu
CLI-01842,GreenInstall 76,Allemagne,Hamburg,53 Rue de l'Energie,contact@greeninstall76.eu
CLI-01843,EnerPlus 99,Spain,Barcelona,78 Rue de l'Energie,contact@enerplus99.eu
CLI-01844,SunSystems 73,Espagne,Madrid,116 Rue de l'Energie,
CLI-01845,BatPartners 57,FR,Nantes,,contact@batpartners57.eu
CLI-01846,EcoPartners 66,france,Bordeaux,63 Rue de l'Energie,contact@ecopartners66.eu
CLI-01847,VoltDirect 69,Italy,,129 Rue de l'Energie,contact@voltdirect69.eu
CLI-01848,ThermServices 87,Spain,Valencia,166 Rue de l'Energie,contact@thermservices87.eu
CLI-01849,EnerInstall 84,IT,Milan,149 Rue de l'Energie,contact@enerinstall84.eu
CLI-01850,WindTech 26,BE,Brussels,30 Rue de l'Energie,contact@windtech26.eu
CLI-01851,ThermEnergy 6,NL,Eindhoven,53 Rue de l'Energie,contact@thermenergy6.eu
CLI-01852,VoltSolutions 52,FR,Lyon,154 Rue de l'Energie,contact@voltsolutions52.eu
CLI-01853,BatEnergy 68,ES,,8 Rue de l'Energie,contact@batenergy68.eu
CLI-01854,LumiSolutions 83, France ,Nantes,23 Rue de l'Energie,contact@lumisolutions83.eu
CLI-01855,ThermPro 93,GERMANY,Cologne,44 Rue de l'Energie,contact@thermpro93.eu
CLI-01856,ElectraSolutions 3,FR,Paris,117 Rue de l'Energie,contact@electrasolutions3.eu
CLI-01857,EcoPlus 34,france,Lille,84 Rue de l'Energie,contact@ecoplus34.eu
CLI-01858,WindPartners 88,ES,Valencia,21 Rue de l'Energie,contact@windpartners88.eu
CLI-01859,SunSolutions 85,france,Marseille,153 Rue de l'Energie,
CLI-01860,VoltSystems 32,Belgium,Antwerp,69 Rue de l'Energie,contact@voltsystems32.eu
CLI-01861,EcoEurope 49,Italie,Milan,1 Rue de l'Energie,contact@ecoeurope49.eu
CLI-01862,GreenDirect 40,France,Nantes,57 Rue de l'Energie,contact@greendirect40.eu
CLI-01863,RenovPartners 57,Allemagne,Berlin,72 Rue de l'Energie,contact@renovpartners57.eu
CLI-01864,BatPartners 70,Belgium,Ghent,184 Rue de l'Energie,contact@batpartners70.eu
CLI-01865,SunDirect 52, France ,Nantes,51 Rue de l'Energie,contact@sundirect52.eu
CLI-01866,InstalGroup 78, France ,Lille,19 Rue de l'Energie,contact@instalgroup78.eu
CLI-01867,BatPlus 23,DE,Frankfurt,66 Rue de l'Energie,contact@batplus23.eu
CLI-01868,LumiEurope 17,France,Lille,102 Rue de l'Energie,contact@lumieurope17.eu
CLI-01869,GreenServices 45,NL,Eindhoven,152 Rue de l'Energie,contact@greenservices45.eu
CLI-01870,LumiDirect 78,Espagne,Barcelona,56 Rue de l'Energie,contact@lumidirect78.eu
CLI-01871,ElectraPartners 60,GERMANY,Frankfurt,48 Rue de l'Energie,contact@electrapartners60.eu
CLI-01872,EcoEnergy 68,FR,Lyon,,contact@ecoenergy68.eu
CLI-01873,EnerSystems 26,Belgique,Antwerp,49 Rue de l'Energie,contact@enersystems26.eu
CLI-01874,PowerTech 4,France,Marseille,75 Rue de l'Energie,contact@powertech4.eu
CLI-01875,PowerSolutions 79,Espagne,Sevilla,18 Rue de l'Energie,contact@powersolutions79.eu
CLI-01876,BatTech 37,Espagne,Barcelona,19 Rue de l'Energie,contact@battech37.eu
CLI-01877,WindSolutions 82, France ,Strasbourg,152 Rue de l'Energie,contact@windsolutions82.eu
CLI-01878,PowerEnergy 21,DE,Stuttgart,3 Rue de l'Energie,contact@powerenergy21.eu
CLI-01879,ElectraSolutions 30,ES,Madrid,8 Rue de l'Energie,contact@electrasolutions30.eu
CLI-01880,InstalPro 80,Allemagne,Cologne,159 Rue de l'Energie,contact@instalpro80.eu
CLI-01881,InstalPartners 5,Allemagne,Dusseldorf,34 Rue de l'Energie,contact@instalpartners5.eu
CLI-01882,ThermTech 58,Espagne,Barcelona,26 Rue de l'Energie,contact@thermtech58.eu
CLI-01883,GreenPlus 94,Allemagne,Frankfurt,2 Rue de l'Energie,contact@greenplus94.eu
CLI-01884,EnerDirect 21,Allemagne,Hamburg,19 Rue de l'Energie,contact@enerdirect21.eu
CLI-01885,EnerTech 7,ES,Sevilla,51 Rue de l'Energie,contact@enertech7.eu
CLI-01886,SolarServices 54,Netherlands,Utrecht,196 Rue de l'Energie,contact@solarservices54.eu
CLI-01887,BatEurope 96,France,Nantes,133 Rue de l'Energie,contact@bateurope96.eu
CLI-01888,RenovSolutions 38,france,Bordeaux,115 Rue de l'Energie,contact@renovsolutions38.eu
CLI-01889,PowerTech 57,Italie,Bologna,107 Rue de l'Energie,contact@powertech57.eu
CLI-01890,SolarDirect 61,GERMANY,Berlin,200 Rue de l'Energie,contact@solardirect61.eu
CLI-01891,RenovPartners 46,Germany,Berlin,62 Rue de l'Energie,contact@renovpartners46.eu
CLI-01892,EnerEnergy 46,GERMANY,Hamburg,66 Rue de l'Energie,contact@enerenergy46.eu
CLI-01893,ElectraTech 45,Allemagne,Hamburg,21 Rue de l'Energie,contact@electratech45.eu
CLI-01894,VoltEnergy 35,GERMANY,Dusseldorf,64 Rue de l'Energie,contact@voltenergy35.eu
CLI-01895,VoltGroup 1,Germany,Stuttgart,151 Rue de l'Energie,contact@voltgroup1.eu
CLI-01896,WindEnergy 16,france,Bordeaux,195 Rue de l'Energie,contact@windenergy16.eu
CLI-01897,GreenPro 70,Spain,Barcelona,151 Rue de l'Energie,contact@greenpro70.eu
CLI-01898,EcoPartners 48,Italie,Milan,176 Rue de l'Energie,contact@ecopartners48.eu
CLI-01899,ThermGroup 69,Espagne,Madrid,,contact@thermgroup69.eu
CLI-01900,PowerEnergy 89,ES,Madrid,53 Rue de l'Energie,contact@powerenergy89.eu
CLI-01901,GreenServices 8,DE,Frankfurt,120 Rue de l'Energie,contact@greenservices8.eu
CLI-01902,SolarInstall 63,Germany,Cologne,155 Rue de l'Energie,contact@solarinstall63.eu
CLI-01903,SolarPlus 92,France,Marseille,158 Rue de l'Energie,contact@solarplus92.eu
CLI-01904,BatServices 11,Italy,Turin,38 Rue de l'Energie,contact@batservices11.eu
CLI-01905,ElectraSystems 72,France,Bordeaux,103 Rue de l'Energie,contact@electrasystems72.eu
CLI-01906,SolarEnergy 59,FR,Lille,81 Rue de l'Energie,contact@solarenergy59.eu
CLI-01907,VoltEnergy 47,Espagne,Sevilla,123 Rue de l'Energie,contact@voltenergy47.eu
CLI-01908,ThermServices 11, France ,Marseille,75 Rue de l'Energie,contact@thermservices11.eu
CLI-01909,RenovServices 74,ES,Valencia,125 Rue de l'Energie,contact@renovservices74.eu
CLI-01910,GreenServices 42, France ,,94 Rue de l'Energie,contact@greenservices42.eu
CLI-01911,RenovPartners 39,Italy,Milan,125 Rue de l'Energie,contact@renovpartners39.eu
CLI-01912,ElectraInstall 7,france,Lille,14 Rue de l'Energie,contact@electrainstall7.eu
CLI-01913,BatTech 48,Germany,Frankfurt,136 Rue de l'Energie,contact@battech48.eu
CLI-01914,BatTech 80,Espagne,Valencia,3 Rue de l'Energie,contact@battech80.eu
CLI-01915,SolarDirect 31,Espagne,,,contact@solardirect31.eu
CLI-01916,RenovServices 99, France ,Marseille,146 Rue de l'Energie,contact@renovservices99.eu
CLI-01917,LumiPlus 24, France ,Lyon,,contact@lumiplus24.eu
CLI-01918,WindGroup 38,france,Strasbourg,70 Rue de l'Energie,contact@windgroup38.eu
CLI-01919,SunDirect 72,france,Nantes,85 Rue de l'Energie,contact@sundirect72.eu
CLI-01920,ElectraPro 92,GERMANY,Stuttgart,90 Rue de l'Energie,contact@electrapro92.eu
CLI-01921,InstalSystems 51,IT,Turin,43 Rue de l'Energie,contact@instalsystems51.eu
CLI-01922,LumiGroup 7,france,Strasbourg,98 Rue de l'Energie,
CLI-01923,PowerSolutions 40,GERMANY,Dusseldorf,,
CLI-01924,PowerTech 17,Spain,Sevilla,17 Rue de l'Energie,contact@powertech17.eu
CLI-01925,ThermTech 9, France ,Toulouse,186 Rue de l'Energie,contact@thermtech9.eu
CLI-01926,WindInstall 7,Allemagne,Berlin,147 Rue de l'Energie,contact@windinstall7.eu
CLI-01927,EcoServices 76,france,Lyon,146 Rue de l'Energie,contact@ecoservices76.eu
CLI-01928,EcoPro 88,NL,Utrecht,120 Rue de l'Energie,contact@ecopro88.eu
CLI-01929,RenovPro 98,GERMANY,Cologne,191 Rue de l'Energie,contact@renovpro98.eu
CLI-01930,PowerSystems 50,Germany,Munich,50 Rue de l'Energie,contact@powersystems50.eu
CLI-01931,ThermPartners 59,GERMANY,Stuttgart,2 Rue de l'Energie,contact@thermpartners59.eu
CLI-01932,RenovDirect 62,IT,Rome,23 Rue de l'Energie,contact@renovdirect62.eu
CLI-01933,LumiSolutions 21,France,Lyon,111 Rue de l'Energie,contact@lumisolutions21.eu
CLI-01934,RenovDirect 78,Italie,Rome,175 Rue de l'Energie,contact@renovdirect78.eu
CLI-01935,SunTech 24,Belgique,Ghent,83 Rue de l'Energie,contact@suntech24.eu
CLI-01936,VoltInstall 80,DE,Dusseldorf,113 Rue de l'Energie,contact@voltinstall80.eu
CLI-01937,EcoDirect 69,NL,Rotterdam,12 Rue de l'Energie,contact@ecodirect69.eu
CLI-01938,SunDirect 1,France,Lyon,49 Rue de l'Energie,contact@sundirect1.eu
CLI-01939,GreenServices 39,GERMANY,Hamburg,155 Rue de l'Energie,contact@greenservices39.eu
CLI-01940,WindSystems 11,ES,Sevilla,177 Rue de l'Energie,contact@windsystems11.eu
CLI-01941,WindInstall 73,France,,57 Rue de l'Energie,contact@windinstall73.eu
CLI-01942,EcoServices 87,Italy,Turin,195 Rue de l'Energie,contact@ecoservices87.eu
CLI-01943,VoltGroup 60,IT,Rome,20 Rue de l'Energie,contact@voltgroup60.eu
CLI-01944,PowerInstall 39,Espagne,Madrid,114 Rue de l'Energie,
CLI-01945,InstalTech 43,france,Lille,129 Rue de l'Energie,contact@instaltech43.eu
CLI-01946,ThermGroup 91,france,Paris,34 Rue de l'Energie,contact@thermgroup91.eu
CLI-01947,VoltSystems 65,Spain,Sevilla,108 Rue de l'Energie,contact@voltsystems65.eu
CLI-01948,BatSolutions 2,France,Lille,104 Rue de l'Energie,contact@batsolutions2.eu
CLI-01949,InstalEnergy 53,Pays-Bas,Eindhoven,147 Rue de l'Energie,contact@instalenergy53.eu
CLI-01950,EcoPro 67,DE,Cologne,179 Rue de l'Energie,contact@ecopro67.eu
CLI-01951,RenovEnergy 77,Italy,Naples,181 Rue de l'Energie,contact@renovenergy77.eu
CLI-01952,BatSystems 2,IT,Turin,170 Rue de l'Energie,contact@batsystems2.eu
CLI-01953,SunServices 17,Italy,Bologna,152 Rue de l'Energie,contact@sunservices17.eu
CLI-01954,RenovPartners 75,France,Marseille,27 Rue de l'Energie,contact@renovpartners75.eu
CLI-01955,SunTech 1,Pays-Bas,Rotterdam,176 Rue de l'Energie,contact@suntech1.eu
CLI-01956,GreenServices 76,Pays-Bas,Rotterdam,78 Rue de l'Energie,contact@greenservices76.eu
CLI-01957,WindInstall 92,IT,Rome,179 Rue de l'Energie,contact@windinstall92.eu
CLI-01958,GreenSolutions 27,IT,Naples,140 Rue de l'Energie,contact@greensolutions27.eu
CLI-01959,EnerInstall 67,Spain,Valencia,20 Rue de l'Energie,contact@enerinstall67.eu
CLI-01960,ThermSystems 52,ES,Bilbao,148 Rue de l'Energie,contact@thermsystems52.eu
CLI-01961,SolarPlus 42,Pays-Bas,Eindhoven,114 Rue de l'Energie,contact@solarplus42.eu
CLI-01962,ThermPartners 31,Italy,Rome,114 Rue de l'Energie,contact@thermpartners31.eu
CLI-01963,LumiSolutions 54,France,Paris,34 Rue de l'Energie,
CLI-01964,RenovGroup 88,GERMANY,Hamburg,85 Rue de l'Energie,contact@renovgroup88.eu
CLI-01965,WindSystems 64,NL,Utrecht,45 Rue de l'Energie,contact@windsystems64.eu
CLI-01966,PowerPartners 58,france,Paris,107 Rue de l'Energie,contact@powerpartners58.eu
CLI-01967,WindPro 54, France ,Paris,84 Rue de l'Energie,contact@windpro54.eu
CLI-01968,SunPro 99, France ,Bordeaux,2 Rue de l'Energie,contact@sunpro99.eu
CLI-01969,ElectraInstall 3,FR,Lille,121 Rue de l'Energie,contact@electrainstall3.eu
CLI-01970,PowerServices 6,Allemagne,Munich,69 Rue de l'Energie,contact@powerservices6.eu
CLI-01971,GreenTech 89,ES,Madrid,139 Rue de l'Energie,contact@greentech89.eu
CLI-01972,RenovPro 28,france,Bordeaux,4 Rue de l'Energie,contact@renovpro28.eu
CLI-01973,LumiGroup 74, France ,Strasbourg,70 Rue de l'Energie,contact@lumigroup74.eu
CLI-01974,WindInstall 79,france,Toulouse,77 Rue de l'Energie,contact@windinstall79.eu
CLI-01975,InstalDirect 63,france,Lille,4 Rue de l'Energie,contact@instaldirect63.eu
CLI-01976,LumiEnergy 87,Spain,Barcelona,150 Rue de l'Energie,contact@lumienergy87.eu
CLI-01977,SolarSolutions 92,france,Lille,167 Rue de l'Energie,contact@solarsolutions92.eu
CLI-01978,WindPartners 77,Italy,Milan,72 Rue de l'Energie,contact@windpartners77.eu
CLI-01979,SunSolutions 6,DE,Dusseldorf,191 Rue de l'Energie,contact@sunsolutions6.eu
CLI-01980,VoltSystems 79,france,Lille,30 Rue de l'Energie,contact@voltsystems79.eu
CLI-01981,ThermPartners 93,Belgium,Ghent,129 Rue de l'Energie,contact@thermpartners93.eu
CLI-01982,InstalPlus 67,IT,Turin,71 Rue de l'Energie,contact@instalplus67.eu
CLI-01983,GreenInstall 4,france,Toulouse,97 Rue de l'Energie,contact@greeninstall4.eu
CLI-01984,BatGroup 38,FR,,114 Rue de l'Energie,contact@batgroup38.eu
CLI-01985,LumiServices 85,Germany,Dusseldorf,136 Rue de l'Energie,contact@lumiservices85.eu
CLI-01986,SunSolutions 49,france,Marseille,145 Rue de l'Energie,contact@sunsolutions49.eu
CLI-01987,PowerSolutions 31,Spain,Madrid,37 Rue de l'Energie,contact@powersolutions31.eu
CLI-01988,LumiTech 20,DE,Cologne,174 Rue de l'Energie,contact@lumitech20.eu
CLI-01989,WindEnergy 92,Espagne,Sevilla,115 Rue de l'Energie,contact@windenergy92.eu
CLI-01990,VoltEurope 42,france,Strasbourg,114 Rue de l'Energie,contact@volteurope42.eu
CLI-01991,BatPartners 70,France,Lyon,192 Rue de l'Energie,contact@batpartners70.eu
CLI-01992,WindGroup 78,Germany,Berlin,78 Rue de l'Energie,contact@windgroup78.eu
CLI-01993,GreenInstall 71,Italy,Bologna,141 Rue de l'Energie,contact@greeninstall71.eu
CLI-01994,GreenTech 88,GERMANY,Dusseldorf,39 Rue de l'Energie,contact@greentech88.eu
CLI-01995,ThermPlus 78,France,Lyon,86 Rue de l'Energie,contact@thermplus78.eu
CLI-01996,GreenEurope 83,Italie,Milan,100 Rue de l'Energie,contact@greeneurope83.eu
CLI-01997,BatTech 84, France ,Marseille,,contact@battech84.eu
CLI-01998,SolarPro 7,IT,Naples,57 Rue de l'Energie,contact@solarpro7.eu
CLI-01999,ElectraEurope 30,DE,Frankfurt,181 Rue de l'Energie,contact@electraeurope30.eu
CLI-02000,LumiGroup 6,DE,Hamburg,12 Rue de l'Energie,contact@lumigroup6.eu
CLI-02001,BatPartners 94,DE,Frankfurt,49 Rue de l'Energie,contact@batpartners94.eu
CLI-02002,VoltServices 95,France,Strasbourg,169 Rue de l'Energie,contact@voltservices95.eu
CLI-02003,ThermTech 88,Allemagne,Hamburg,9 Rue de l'Energie,contact@thermtech88.eu
CLI-02004,LumiPlus 95,DE,Cologne,182 Rue de l'Energie,contact@lumiplus95.eu
CLI-02005,ElectraServices 14,Germany,Cologne,79 Rue de l'Energie,contact@electraservices14.eu
CLI-02006,InstalSolutions 30,Espagne,Madrid,13 Rue de l'Energie,contact@instalsolutions30.eu
CLI-02007,ThermInstall 69,Germany,Hamburg,150 Rue de l'Energie,contact@therminstall69.eu
CLI-02008,ElectraTech 19,DE,Frankfurt,78 Rue de l'Energie,contact@electratech19.eu
CLI-02009,SunEnergy 53,GERMANY,Cologne,76 Rue de l'Energie,
CLI-02010,RenovInstall 39,France,Lille,56 Rue de l'Energie,contact@renovinstall39.eu
CLI-02011,VoltPartners 85,DE,Dusseldorf,91 Rue de l'Energie,contact@voltpartners85.eu
CLI-02012,LumiDirect 86,DE,Munich,60 Rue de l'Energie,contact@lumidirect86.eu
CLI-02013,EcoDirect 5,DE,Stuttgart,23 Rue de l'Energie,contact@ecodirect5.eu
CLI-02014,ThermSolutions 30,Spain,Valencia,24 Rue de l'Energie,contact@thermsolutions30.eu
CLI-02015,WindPlus 95,Allemagne,Cologne,150 Rue de l'Energie,contact@windplus95.eu
CLI-02016,SunEnergy 50,NL,Rotterdam,100 Rue de l'Energie,contact@sunenergy50.eu
CLI-02017,WindPartners 37,Italie,Naples,161 Rue de l'Energie,contact@windpartners37.eu
CLI-02018,PowerPro 57,Belgium,Brussels,42 Rue de l'Energie,contact@powerpro57.eu
CLI-02019,LumiPartners 10,Espagne,Sevilla,74 Rue de l'Energie,contact@lumipartners10.eu
CLI-02020,BatEnergy 86,IT,Turin,15 Rue de l'Energie,contact@batenergy86.eu
CLI-02021,VoltGroup 37,Germany,Stuttgart,33 Rue de l'Energie,contact@voltgroup37.eu
CLI-02022,SunPlus 82,FR,Lille,198 Rue de l'Energie,contact@sunplus82.eu
CLI-02023,ThermSystems 96,Germany,Dusseldorf,166 Rue de l'Energie,contact@thermsystems96.eu
CLI-02024,PowerInstall 58, France ,Toulouse,192 Rue de l'Energie,contact@powerinstall58.eu
CLI-02025,SolarSolutions 41,GERMANY,Berlin,72 Rue de l'Energie,contact@solarsolutions41.eu
CLI-02026,GreenPlus 90,FR,Marseille,151 Rue de l'Energie,contact@greenplus90.eu
CLI-02027,PowerPartners 29,NL,Eindhoven,159 Rue de l'Energie,contact@powerpartners29.eu
CLI-02028,WindSolutions 82,BE,Brussels,104 Rue de l'Energie,contact@windsolutions82.eu
CLI-02029,EcoSystems 9,ES,Barcelona,102 Rue de l'Energie,contact@ecosystems9.eu
CLI-02030,InstalInstall 7,Germany,Dusseldorf,64 Rue de l'Energie,contact@instalinstall7.eu
CLI-02031,RenovPlus 49,france,Nantes,195 Rue de l'Energie,contact@renovplus49.eu
CLI-02032,BatEnergy 12,ES,Sevilla,7 Rue de l'Energie,contact@batenergy12.eu
CLI-02033,WindTech 23,Italie,Naples,88 Rue de l'Energie,contact@windtech23.eu
CLI-02034,InstalEnergy 88,france,Bordeaux,103 Rue de l'Energie,contact@instalenergy88.eu
CLI-02035,LumiTech 39,BE,Antwerp,60 Rue de l'Energie,contact@lumitech39.eu
CLI-02036,WindPlus 62,france,Lyon,51 Rue de l'Energie,contact@windplus62.eu
CLI-02037,ElectraPartners 60,france,,35 Rue de l'Energie,contact@electrapartners60.eu
CLI-02038,SunServices 57, France ,Nantes,109 Rue de l'Energie,contact@sunservices57.eu
CLI-02039,ElectraTech 8,Spain,Valencia,138 Rue de l'Energie,contact@electratech8.eu
CLI-02040,EnerSystems 12,Germany,Cologne,111 Rue de l'Energie,contact@enersystems12.eu
CLI-02041,VoltPartners 10,Espagne,Madrid,12 Rue de l'Energie,contact@voltpartners10.eu
CLI-02042,SunSolutions 43,GERMANY,Frankfurt,105 Rue de l'Energie,contact@sunsolutions43.eu
CLI-02043,BatEurope 85,FR,Lille,185 Rue de l'Energie,contact@bateurope85.eu
CLI-02044,SolarInstall 5,France,Toulouse,14 Rue de l'Energie,contact@solarinstall5.eu
CLI-02045,RenovTech 87,BE,Ghent,36 Rue de l'Energie,contact@renovtech87.eu
CLI-02046,SolarInstall 53, France ,Marseille,,contact@solarinstall53.eu
CLI-02047,GreenTech 13,IT,Naples,64 Rue de l'Energie,contact@greentech13.eu
CLI-02048,BatSolutions 36,France,Marseille,,contact@batsolutions36.eu
CLI-02049,ThermSolutions 7,ES,Barcelona,168 Rue de l'Energie,
CLI-02050,BatPro 15,Italy,Milan,79 Rue de l'Energie,contact@batpro15.eu
CLI-02051,WindSolutions 67, France ,Marseille,30 Rue de l'Energie,contact@windsolutions67.eu
CLI-02052,WindInstall 87,IT,Turin,56 Rue de l'Energie,contact@windinstall87.eu
CLI-02053,LumiGroup 55,France,Bordeaux,150 Rue de l'Energie,contact@lumigroup55.eu
CLI-02054,RenovEurope 46,FR,Paris,117 Rue de l'Energie,contact@renoveurope46.eu
CLI-02055,SunPlus 74,Belgique,Antwerp,93 Rue de l'Energie,contact@sunplus74.eu
CLI-02056,BatPro 43,FR,Lille,104 Rue de l'Energie,contact@batpro43.eu
CLI-02057,VoltInstall 21,IT,Turin,164 Rue de l'Energie,contact@voltinstall21.eu
CLI-02058,EnerEnergy 61,Allemagne,Hamburg,104 Rue de l'Energie,contact@enerenergy61.eu
CLI-02059,InstalEnergy 98, France ,Strasbourg,82 Rue de l'Energie,contact@instalenergy98.eu
CLI-02060,RenovDirect 53,DE,Stuttgart,197 Rue de l'Energie,contact@renovdirect53.eu
CLI-02061,SunServices 91,IT,Rome,152 Rue de l'Energie,contact@sunservices91.eu
CLI-02062,ThermGroup 83,GERMANY,Munich,191 Rue de l'Energie,contact@thermgroup83.eu
CLI-02063,ThermEnergy 53,Allemagne,Munich,110 Rue de l'Energie,contact@thermenergy53.eu
CLI-02064,PowerDirect 69,DE,Berlin,121 Rue de l'Energie,contact@powerdirect69.eu
CLI-02065,InstalPlus 10,ES,Bilbao,58 Rue de l'Energie,contact@instalplus10.eu
CLI-02066,RenovGroup 12,France,Toulouse,128 Rue de l'Energie,contact@renovgroup12.eu
CLI-02067,RenovSolutions 99,Germany,Frankfurt,71 Rue de l'Energie,contact@renovsolutions99.eu
CLI-02068,RenovTech 72,DE,Cologne,71 Rue de l'Energie,contact@renovtech72.eu
CLI-02069,PowerServices 76,NL,Utrecht,114 Rue de l'Energie,contact@powerservices76.eu
CLI-02070,RenovEurope 82,FR,Marseille,180 Rue de l'Energie,contact@renoveurope82.eu
CLI-02071,LumiPro 59,FR,Toulouse,150 Rue de l'Energie,contact@lumipro59.eu
CLI-02072,EcoInstall 74,BE,Brussels,171 Rue de l'Energie,contact@ecoinstall74.eu
CLI-02073,RenovInstall 92,france,Lille,23 Rue de l'Energie,contact@renovinstall92.eu
CLI-02074,ThermPartners 29,Spain,Sevilla,154 Rue de l'Energie,contact@thermpartners29.eu
CLI-02075,WindEurope 4,Germany,Munich,184 Rue de l'Energie,contact@windeurope4.eu
CLI-02076,InstalPro 25,Italy,Milan,70 Rue de l'Energie,contact@instalpro25.eu
CLI-02077,ThermServices 88,Allemagne,Frankfurt,26 Rue de l'Energie,contact@thermservices88.eu
CLI-02078,SunPro 94,Germany,Stuttgart,112 Rue de l'Energie,contact@sunpro94.eu
CLI-02079,ElectraPro 14, France ,Bordeaux,,contact@electrapro14.eu
CLI-02080,InstalTech 7,ES,Madrid,42 Rue de l'Energie,contact@instaltech7.eu
CLI-02081,PowerInstall 16,GERMANY,Dusseldorf,9 Rue de l'Energie,contact@powerinstall16.eu
CLI-02082,EcoEnergy 19,Spain,Madrid,198 Rue de l'Energie,contact@ecoenergy19.eu
CLI-02083,SunPartners 34,Italy,Turin,54 Rue de l'Energie,contact@sunpartners34.eu
CLI-02084,LumiPlus 13, France ,Strasbourg,152 Rue de l'Energie,contact@lumiplus13.eu
CLI-02085,WindGroup 13,Germany,Berlin,30 Rue de l'Energie,contact@windgroup13.eu
CLI-02086,ThermEnergy 3,Spain,,119 Rue de l'Energie,contact@thermenergy3.eu
CLI-02087,SunPro 16,Netherlands,Amsterdam,118 Rue de l'Energie,contact@sunpro16.eu
CLI-02088,RenovPro 99,FR,Strasbourg,122 Rue de l'Energie,contact@renovpro99.eu
CLI-02089,PowerServices 78,Germany,Dusseldorf,21 Rue de l'Energie,contact@powerservices78.eu
CLI-02090,ThermInstall 16,Allemagne,Berlin,165 Rue de l'Energie,contact@therminstall16.eu
CLI-02091,RenovServices 11,BE,Brussels,14 Rue de l'Energie,contact@renovservices11.eu
CLI-02092,PowerPro 53,Pays-Bas,Rotterdam,89 Rue de l'Energie,contact@powerpro53.eu
CLI-02093,RenovEnergy 10,France,Strasbourg,94 Rue de l'Energie,contact@renovenergy10.eu
CLI-02094,LumiPartners 77,france,Strasbourg,92 Rue de l'Energie,contact@lumipartners77.eu
CLI-02095,EcoTech 4,Allemagne,Cologne,161 Rue de l'Energie,contact@ecotech4.eu
CLI-02096,PowerServices 47,Allemagne,Stuttgart,76 Rue de l'Energie,contact@powerservices47.eu
CLI-02097,VoltSolutions 50, France ,Lyon,168 Rue de l'Energie,contact@voltsolutions50.eu
CLI-02098,VoltTech 85,France,Paris,168 Rue de l'Energie,contact@volttech85.eu
CLI-02099,ElectraPlus 54,FR,Lille,180 Rue de l'Energie,contact@electraplus54.eu
CLI-02100,SolarPlus 53, France ,Paris,16 Rue de l'Energie,contact@solarplus53.eu
CLI-02101,VoltSolutions 69,Italy,Milan,,contact@voltsolutions69.eu
CLI-02102,WindPlus 21,Spain,Madrid,142 Rue de l'Energie,contact@windplus21.eu
CLI-02103,ElectraEnergy 61,france,Paris,135 Rue de l'Energie,contact@electraenergy61.eu
CLI-02104,SolarTech 35,Spain,Valencia,,contact@solartech35.eu
CLI-02105,EcoSystems 14,Espagne,,64 Rue de l'Energie,contact@ecosystems14.eu
CLI-02106,EcoSystems 57,Italy,Turin,165 Rue de l'Energie,contact@ecosystems57.eu
CLI-02107,SunPro 82,Italie,Bologna,93 Rue de l'Energie,contact@sunpro82.eu
CLI-02108,ElectraServices 4,FR,,5 Rue de l'Energie,contact@electraservices4.eu
CLI-02109,SunDirect 43,DE,Cologne,157 Rue de l'Energie,contact@sundirect43.eu
CLI-02110,InstalPro 84,IT,Naples,143 Rue de l'Energie,contact@instalpro84.eu
CLI-02111,ElectraTech 23,Italy,Rome,173 Rue de l'Energie,contact@electratech23.eu
CLI-02112,InstalSystems 64,France,Toulouse,59 Rue de l'Energie,contact@instalsystems64.eu
CLI-02113,EnerServices 85, France ,Marseille,62 Rue de l'Energie,contact@enerservices85.eu
CLI-02114,BatSystems 71,Allemagne,Hamburg,127 Rue de l'Energie,contact@batsystems71.eu
CLI-02115,SolarPartners 98,Allemagne,Dusseldorf,189 Rue de l'Energie,
CLI-02116,RenovEnergy 46,Netherlands,Amsterdam,140 Rue de l'Energie,contact@renovenergy46.eu
CLI-02117,WindInstall 59,Spain,Sevilla,194 Rue de l'Energie,contact@windinstall59.eu
CLI-02118,WindSolutions 57, France ,Lille,58 Rue de l'Energie,contact@windsolutions57.eu
CLI-02119,GreenSystems 29,France,Paris,50 Rue de l'Energie,contact@greensystems29.eu
CLI-02120,BatInstall 38,ES,Bilbao,199 Rue de l'Energie,contact@batinstall38.eu
CLI-02121,ElectraEnergy 87,FR,Paris,37 Rue de l'Energie,contact@electraenergy87.eu
CLI-02122,InstalTech 36,Germany,Berlin,33 Rue de l'Energie,contact@instaltech36.eu
CLI-02123,PowerEurope 14,Allemagne,Dusseldorf,81 Rue de l'Energie,contact@powereurope14.eu
CLI-02124,PowerSolutions 64,Espagne,Madrid,4 Rue de l'Energie,contact@powersolutions64.eu
CLI-02125,InstalServices 29,DE,Munich,87 Rue de l'Energie,contact@instalservices29.eu
CLI-02126,BatPro 42,FR,,58 Rue de l'Energie,contact@batpro42.eu
CLI-02127,PowerInstall 24,Italie,Naples,24 Rue de l'Energie,contact@powerinstall24.eu
CLI-02128,LumiSolutions 17,France,Marseille,105 Rue de l'Energie,contact@lumisolutions17.eu
CLI-02129,WindPlus 31,FR,Lyon,98 Rue de l'Energie,contact@windplus31.eu
CLI-02130,PowerServices 17,NL,Amsterdam,56 Rue de l'Energie,contact@powerservices17.eu
CLI-02131,SunPartners 46,France,Paris,12 Rue de l'Energie,contact@sunpartners46.eu
CLI-02132,ThermServices 28,france,Toulouse,126 Rue de l'Energie,contact@thermservices28.eu
CLI-02133,ThermTech 24,france,Paris,97 Rue de l'Energie,contact@thermtech24.eu
CLI-02134,ThermEnergy 90,GERMANY,Stuttgart,190 Rue de l'Energie,contact@thermenergy90.eu
CLI-02135,VoltEurope 80,DE,Stuttgart,74 Rue de l'Energie,contact@volteurope80.eu
CLI-02136,GreenDirect 30,Italy,Rome,167 Rue de l'Energie,contact@greendirect30.eu
CLI-02137,SunSystems 49,IT,Milan,74 Rue de l'Energie,contact@sunsystems49.eu
CLI-02138,LumiEnergy 97,IT,Milan,158 Rue de l'Energie,contact@lumienergy97.eu
CLI-02139,VoltInstall 54, France ,Strasbourg,89 Rue de l'Energie,contact@voltinstall54.eu
CLI-02140,EnerSolutions 4,Belgique,Liege,23 Rue de l'Energie,contact@enersolutions4.eu
CLI-02141,PowerPlus 10,Germany,Berlin,63 Rue de l'Energie,contact@powerplus10.eu
CLI-02142,ThermGroup 4,GERMANY,Cologne,123 Rue de l'Energie,contact@thermgroup4.eu
CLI-02143,EcoPlus 63,France,Marseille,150 Rue de l'Energie,contact@ecoplus63.eu
CLI-02144,ElectraDirect 37,Allemagne,Stuttgart,128 Rue de l'Energie,contact@electradirect37.eu
CLI-02145,EcoTech 6,France,Bordeaux,63 Rue de l'Energie,contact@ecotech6.eu
CLI-02146,BatServices 90,Belgique,Antwerp,37 Rue de l'Energie,contact@batservices90.eu
CLI-02147,BatInstall 49,Espagne,Bilbao,123 Rue de l'Energie,contact@batinstall49.eu
CLI-02148,ThermPartners 26, France ,Strasbourg,146 Rue de l'Energie,contact@thermpartners26.eu
CLI-02149,SolarPro 13,BE,Antwerp,8 Rue de l'Energie,contact@solarpro13.eu
CLI-02150,PowerEnergy 24, France ,Lille,57 Rue de l'Energie,contact@powerenergy24.eu
CLI-02151,GreenEnergy 41,IT,Bologna,64 Rue de l'Energie,contact@greenenergy41.eu
CLI-02152,InstalInstall 79,ES,Valencia,67 Rue de l'Energie,contact@instalinstall79.eu
CLI-02153,GreenEnergy 74,ES,Barcelona,31 Rue de l'Energie,
CLI-02154,PowerEurope 17, France ,Paris,137 Rue de l'Energie,contact@powereurope17.eu
CLI-02155,BatInstall 99,FR,Paris,107 Rue de l'Energie,contact@batinstall99.eu
CLI-02156,RenovTech 79,NL,Utrecht,56 Rue de l'Energie,contact@renovtech79.eu
CLI-02157,GreenEurope 15,BE,,169 Rue de l'Energie,contact@greeneurope15.eu
CLI-02158,SunGroup 60,France,Toulouse,89 Rue de l'Energie,contact@sungroup60.eu
CLI-02159,WindPro 67,Allemagne,Munich,14 Rue de l'Energie,contact@windpro67.eu
CLI-02160,GreenPro 38,ES,Bilbao,37 Rue de l'Energie,contact@greenpro38.eu
CLI-02161,RenovTech 73,Espagne,Barcelona,82 Rue de l'Energie,contact@renovtech73.eu
CLI-02162,RenovGroup 2,GERMANY,Dusseldorf,162 Rue de l'Energie,contact@renovgroup2.eu
CLI-02163,EcoTech 15,Belgium,Liege,39 Rue de l'Energie,
CLI-02164,ElectraEnergy 17, France ,Bordeaux,198 Rue de l'Energie,contact@electraenergy17.eu
CLI-02165,PowerGroup 87, France ,Toulouse,,contact@powergroup87.eu
CLI-02166,VoltDirect 95,Pays-Bas,Eindhoven,53 Rue de l'Energie,contact@voltdirect95.eu
CLI-02167,LumiEnergy 56,Espagne,Valencia,144 Rue de l'Energie,contact@lumienergy56.eu
CLI-02168,EnerServices 19,france,Paris,196 Rue de l'Energie,contact@enerservices19.eu
CLI-02169,SolarPlus 1,Netherlands,Utrecht,85 Rue de l'Energie,contact@solarplus1.eu
CLI-02170,RenovDirect 91,Germany,Cologne,13 Rue de l'Energie,contact@renovdirect91.eu
CLI-02171,InstalDirect 95,Germany,Stuttgart,164 Rue de l'Energie,contact@instaldirect95.eu
CLI-02172,WindInstall 50,france,Lyon,55 Rue de l'Energie,contact@windinstall50.eu
CLI-02173,SunPartners 83,Spain,Madrid,118 Rue de l'Energie,contact@sunpartners83.eu
CLI-02174,EnerInstall 67,france,Paris,115 Rue de l'Energie,contact@enerinstall67.eu
CLI-02175,SolarPro 78,Germany,Hamburg,119 Rue de l'Energie,contact@solarpro78.eu
CLI-02176,ElectraDirect 72,DE,Cologne,27 Rue de l'Energie,contact@electradirect72.eu
CLI-02177,PowerPartners 55,Germany,Frankfurt,147 Rue de l'Energie,contact@powerpartners55.eu
CLI-02178,RenovDirect 67,DE,Cologne,41 Rue de l'Energie,contact@renovdirect67.eu
CLI-02179,BatTech 43,FR,Nantes,66 Rue de l'Energie,contact@battech43.eu
CLI-02180,WindGroup 91,Spain,Sevilla,64 Rue de l'Energie,contact@windgroup91.eu
CLI-02181,SunSolutions 50, France ,Marseille,25 Rue de l'Energie,contact@sunsolutions50.eu
CLI-02182,SolarPro 88,Allemagne,Cologne,69 Rue de l'Energie,contact@solarpro88.eu
CLI-02183,EcoTech 26,Germany,Dusseldorf,132 Rue de l'Energie,contact@ecotech26.eu
CLI-02184,VoltInstall 56,Italie,Rome,166 Rue de l'Energie,contact@voltinstall56.eu
CLI-02185,GreenSystems 17,Espagne,Madrid,77 Rue de l'Energie,contact@greensystems17.eu
CLI-02186,BatServices 1, France ,Strasbourg,185 Rue de l'Energie,contact@batservices1.eu
CLI-02187,ElectraDirect 22,IT,Rome,121 Rue de l'Energie,contact@electradirect22.eu
CLI-02188,InstalPartners 38,Italy,Milan,178 Rue de l'Energie,contact@instalpartners38.eu
CLI-02189,SolarEurope 8,Belgium,Antwerp,22 Rue de l'Energie,contact@solareurope8.eu
CLI-02190,GreenServices 38,france,Bordeaux,174 Rue de l'Energie,contact@greenservices38.eu
CLI-02191,VoltPro 97,Espagne,Sevilla,183 Rue de l'Energie,contact@voltpro97.eu
CLI-02192,ThermGroup 14,ES,Bilbao,157 Rue de l'Energie,contact@thermgroup14.eu
CLI-02193,PowerEnergy 6,GERMANY,Frankfurt,61 Rue de l'Energie,contact@powerenergy6.eu
CLI-02194,GreenSolutions 37,FR,Nantes,98 Rue de l'Energie,contact@greensolutions37.eu
CLI-02195,EcoDirect 24,Italy,Naples,149 Rue de l'Energie,contact@ecodirect24.eu
CLI-02196,VoltTech 47,Pays-Bas,Amsterdam,172 Rue de l'Energie,contact@volttech47.eu
CLI-02197,InstalPlus 76,France,Strasbourg,85 Rue de l'Energie,contact@instalplus76.eu
CLI-02198,RenovSolutions 54,France,Lille,,contact@renovsolutions54.eu
CLI-02199,EcoPlus 34,GERMANY,Stuttgart,154 Rue de l'Energie,contact@ecoplus34.eu
CLI-02200,WindEnergy 65,Italie,Rome,92 Rue de l'Energie,contact@windenergy65.eu
CLI-02201,LumiInstall 61,France,Bordeaux,99 Rue de l'Energie,contact@lumiinstall61.eu
CLI-02202,ThermInstall 37,DE,Frankfurt,6 Rue de l'Energie,contact@therminstall37.eu
CLI-02203,RenovSolutions 85,NL,Eindhoven,38 Rue de l'Energie,contact@renovsolutions85.eu
CLI-02204,SunEurope 22,GERMANY,Hamburg,75 Rue de l'Energie,
CLI-02205,SolarPartners 51,Espagne,Barcelona,,contact@solarpartners51.eu
CLI-02206,EnerEurope 4,Italie,Turin,72 Rue de l'Energie,contact@enereurope4.eu
CLI-02207,ThermServices 94,Belgium,Liege,179 Rue de l'Energie,contact@thermservices94.eu
CLI-02208,BatPlus 28,GERMANY,Frankfurt,196 Rue de l'Energie,contact@batplus28.eu
CLI-02209,SolarDirect 5,France,Paris,153 Rue de l'Energie,contact@solardirect5.eu
CLI-02210,RenovTech 40,Germany,Berlin,165 Rue de l'Energie,contact@renovtech40.eu
CLI-02211,EnerSystems 70,Espagne,Valencia,160 Rue de l'Energie,contact@enersystems70.eu
CLI-02212,RenovServices 82, France ,Bordeaux,23 Rue de l'Energie,contact@renovservices82.eu
CLI-02213,ElectraPro 18,FR,Paris,110 Rue de l'Energie,contact@electrapro18.eu
CLI-02214,InstalGroup 90,NL,Utrecht,1 Rue de l'Energie,contact@instalgroup90.eu
CLI-02215,SolarSystems 88,FR,Lyon,190 Rue de l'Energie,contact@solarsystems88.eu
CLI-02216,LumiGroup 80,Allemagne,Munich,25 Rue de l'Energie,contact@lumigroup80.eu
CLI-02217,ThermInstall 78,Italy,Rome,105 Rue de l'Energie,contact@therminstall78.eu
CLI-02218,PowerGroup 55, France ,Lyon,26 Rue de l'Energie,contact@powergroup55.eu
CLI-02219,ThermPartners 70,Belgium,Antwerp,61 Rue de l'Energie,contact@thermpartners70.eu
CLI-02220,SolarPro 94,Espagne,Valencia,199 Rue de l'Energie,contact@solarpro94.eu
CLI-02221,LumiSolutions 24,BE,Antwerp,114 Rue de l'Energie,contact@lumisolutions24.eu
CLI-02222,VoltPlus 51,France,Toulouse,84 Rue de l'Energie,contact@voltplus51.eu
CLI-02223,LumiTech 60,ES,Bilbao,62 Rue de l'Energie,contact@lumitech60.eu
CLI-02224,WindEurope 62, France ,Nantes,112 Rue de l'Energie,contact@windeurope62.eu
CLI-02225,SolarPartners 25,Allemagne,,137 Rue de l'Energie,
CLI-02226,EnerGroup 14, France ,Bordeaux,142 Rue de l'Energie,contact@energroup14.eu
CLI-02227,LumiSystems 51,NL,Rotterdam,137 Rue de l'Energie,contact@lumisystems51.eu
CLI-02228,ElectraInstall 6,France,,93 Rue de l'Energie,contact@electrainstall6.eu
CLI-02229,SunEurope 91,Espagne,Valencia,115 Rue de l'Energie,contact@suneurope91.eu
CLI-02230,SolarPlus 30,Germany,Frankfurt,151 Rue de l'Energie,contact@solarplus30.eu
CLI-02231,WindPlus 2,Italy,Rome,101 Rue de l'Energie,contact@windplus2.eu
CLI-02232,PowerPlus 83,france,Paris,47 Rue de l'Energie,contact@powerplus83.eu
CLI-02233,BatPro 82,Germany,Munich,11 Rue de l'Energie,
CLI-02234,GreenEnergy 23,ES,Madrid,109 Rue de l'Energie,contact@greenenergy23.eu
CLI-02235,EcoGroup 95,Allemagne,Hamburg,179 Rue de l'Energie,contact@ecogroup95.eu
CLI-02236,InstalPlus 98,IT,Milan,170 Rue de l'Energie,contact@instalplus98.eu
CLI-02237,VoltEnergy 7,GERMANY,Dusseldorf,127 Rue de l'Energie,contact@voltenergy7.eu
CLI-02238,EcoEnergy 43,Germany,Hamburg,168 Rue de l'Energie,contact@ecoenergy43.eu
CLI-02239,PowerSystems 66,DE,Dusseldorf,69 Rue de l'Energie,contact@powersystems66.eu
CLI-02240,EcoPlus 46,GERMANY,Dusseldorf,107 Rue de l'Energie,contact@ecoplus46.eu
CLI-02241,ElectraSystems 31,Netherlands,Utrecht,,contact@electrasystems31.eu
CLI-02242,SolarPartners 78,Allemagne,Frankfurt,198 Rue de l'Energie,contact@solarpartners78.eu
CLI-02243,EcoPlus 84,IT,Naples,187 Rue de l'Energie,contact@ecoplus84.eu
CLI-02244,SolarSystems 4,Allemagne,Cologne,16 Rue de l'Energie,contact@solarsystems4.eu
CLI-02245,SunInstall 60,Spain,Bilbao,3 Rue de l'Energie,contact@suninstall60.eu
CLI-02246,LumiTech 90, France ,Toulouse,190 Rue de l'Energie,contact@lumitech90.eu
CLI-02247,SunPlus 45,Pays-Bas,Utrecht,176 Rue de l'Energie,
CLI-02248,GreenSystems 72,france,Lille,10 Rue de l'Energie,contact@greensystems72.eu
CLI-02249,WindTech 85,Spain,Valencia,25 Rue de l'Energie,contact@windtech85.eu
CLI-02250,VoltEurope 34,Belgique,Antwerp,176 Rue de l'Energie,contact@volteurope34.eu
CLI-02251,BatSystems 25,Germany,Dusseldorf,186 Rue de l'Energie,contact@batsystems25.eu
CLI-02252,LumiTech 36,FR,Nantes,48 Rue de l'Energie,contact@lumitech36.eu
CLI-02253,BatPlus 49,FR,Lille,89 Rue de l'Energie,contact@batplus49.eu
CLI-02254,ElectraServices 71,Allemagne,Munich,88 Rue de l'Energie,contact@electraservices71.eu
CLI-02255,InstalEurope 81,Italy,Milan,83 Rue de l'Energie,contact@instaleurope81.eu
CLI-02256,WindSystems 41,Belgique,Ghent,117 Rue de l'Energie,contact@windsystems41.eu
CLI-02257,GreenPartners 14,GERMANY,Frankfurt,64 Rue de l'Energie,contact@greenpartners14.eu
CLI-02258,BatPro 86,NL,Rotterdam,96 Rue de l'Energie,contact@batpro86.eu
CLI-02259,InstalInstall 33,Italy,Rome,109 Rue de l'Energie,
CLI-02260,PowerSolutions 2,France,Strasbourg,60 Rue de l'Energie,contact@powersolutions2.eu
CLI-02261,LumiEurope 44,France,Toulouse,127 Rue de l'Energie,contact@lumieurope44.eu
CLI-02262,RenovEurope 76,FR,Nantes,33 Rue de l'Energie,contact@renoveurope76.eu
CLI-02263,ThermPro 23,DE,Munich,59 Rue de l'Energie,contact@thermpro23.eu
CLI-02264,SunPartners 45,Germany,Berlin,167 Rue de l'Energie,contact@sunpartners45.eu
CLI-02265,PowerEnergy 47,Spain,Barcelona,38 Rue de l'Energie,contact@powerenergy47.eu
CLI-02266,SunSolutions 61,france,Toulouse,114 Rue de l'Energie,contact@sunsolutions61.eu
CLI-02267,RenovSystems 38,Espagne,Madrid,,contact@renovsystems38.eu
CLI-02268,ThermEnergy 32,BE,Antwerp,96 Rue de l'Energie,contact@thermenergy32.eu
CLI-02269,ThermEurope 62,BE,,165 Rue de l'Energie,contact@thermeurope62.eu
CLI-02270,ThermGroup 78,FR,Lyon,87 Rue de l'Energie,contact@thermgroup78.eu
CLI-02271,ElectraPro 55,FR,Marseille,22 Rue de l'Energie,contact@electrapro55.eu
CLI-02272,LumiSolutions 21,Germany,Dusseldorf,64 Rue de l'Energie,contact@lumisolutions21.eu
CLI-02273,EcoPlus 59,IT,Bologna,30 Rue de l'Energie,contact@ecoplus59.eu
CLI-02274,VoltGroup 1,GERMANY,Stuttgart,89 Rue de l'Energie,contact@voltgroup1.eu
CLI-02275,WindServices 8,IT,Milan,14 Rue de l'Energie,
CLI-02276,RenovPartners 32, France ,Lille,9 Rue de l'Energie,contact@renovpartners32.eu
CLI-02277,SolarSolutions 77,Allemagne,Hamburg,116 Rue de l'Energie,contact@solarsolutions77.eu
CLI-02278,SunTech 78,Espagne,Madrid,70 Rue de l'Energie,contact@suntech78.eu
CLI-02279,ThermPro 69,Espagne,Valencia,62 Rue de l'Energie,contact@thermpro69.eu
CLI-02280,EcoPartners 86,FR,Lyon,19 Rue de l'Energie,contact@ecopartners86.eu
CLI-02281,SunInstall 8,France,Toulouse,41 Rue de l'Energie,contact@suninstall8.eu
CLI-02282,GreenSystems 31,DE,Cologne,,contact@greensystems31.eu
CLI-02283,ElectraPro 93,Italie,Bologna,107 Rue de l'Energie,contact@electrapro93.eu
CLI-02284,ThermPro 84,GERMANY,,189 Rue de l'Energie,contact@thermpro84.eu
CLI-02285,RenovEnergy 83,IT,,48 Rue de l'Energie,contact@renovenergy83.eu
CLI-02286,RenovDirect 13,France,Bordeaux,3 Rue de l'Energie,contact@renovdirect13.eu
CLI-02287,BatTech 84,france,Nantes,56 Rue de l'Energie,contact@battech84.eu
CLI-02288,InstalEurope 97,France,Lyon,165 Rue de l'Energie,contact@instaleurope97.eu
CLI-02289,VoltSolutions 79,GERMANY,Cologne,100 Rue de l'Energie,contact@voltsolutions79.eu
CLI-02290,EnerServices 57,GERMANY,Frankfurt,30 Rue de l'Energie,contact@enerservices57.eu
CLI-02291,GreenInstall 31,Allemagne,Dusseldorf,35 Rue de l'Energie,contact@greeninstall31.eu
CLI-02292,VoltPartners 29,Germany,Dusseldorf,127 Rue de l'Energie,contact@voltpartners29.eu
CLI-02293,ElectraGroup 96,Allemagne,Dusseldorf,12 Rue de l'Energie,contact@electragroup96.eu
CLI-02294,ThermInstall 9,ES,Valencia,101 Rue de l'Energie,contact@therminstall9.eu
CLI-02295,EcoTech 38,Germany,Stuttgart,118 Rue de l'Energie,contact@ecotech38.eu
CLI-02296,WindSolutions 38,FR,Lyon,102 Rue de l'Energie,contact@windsolutions38.eu
CLI-02297,SunGroup 4,france,Lille,97 Rue de l'Energie,contact@sungroup4.eu
CLI-02298,SolarServices 49,Espagne,Sevilla,60 Rue de l'Energie,
CLI-02299,PowerDirect 30,France,Toulouse,148 Rue de l'Energie,contact@powerdirect30.eu
CLI-02300,ThermPlus 22, France ,Lyon,99 Rue de l'Energie,contact@thermplus22.eu
CLI-02301,SolarInstall 96,FR,Bordeaux,21 Rue de l'Energie,contact@solarinstall96.eu
CLI-02302,VoltPro 67,DE,Hamburg,,contact@voltpro67.eu
CLI-02303,ThermTech 62,ES,Sevilla,135 Rue de l'Energie,contact@thermtech62.eu
CLI-02304,BatEurope 62,ES,Valencia,115 Rue de l'Energie,contact@bateurope62.eu
CLI-02305,EnerGroup 16,France,Marseille,105 Rue de l'Energie,contact@energroup16.eu
CLI-02306,EnerPartners 80,Germany,Stuttgart,3 Rue de l'Energie,contact@enerpartners80.eu
CLI-02307,PowerServices 13,ES,Valencia,25 Rue de l'Energie,contact@powerservices13.eu
CLI-02308,VoltSolutions 96,NL,Utrecht,153 Rue de l'Energie,contact@voltsolutions96.eu
CLI-02309,ElectraPro 12,DE,Cologne,177 Rue de l'Energie,contact@electrapro12.eu
CLI-02310,PowerPartners 22,Belgique,Brussels,,contact@powerpartners22.eu
CLI-02311,PowerGroup 45,FR,Lyon,179 Rue de l'Energie,contact@powergroup45.eu
CLI-02312,PowerPro 31,Italy,Rome,135 Rue de l'Energie,contact@powerpro31.eu
CLI-02313,SunDirect 78,Italy,Milan,173 Rue de l'Energie,contact@sundirect78.eu
CLI-02314,ElectraServices 44, France ,Nantes,61 Rue de l'Energie,contact@electraservices44.eu
CLI-02315,EnerSolutions 62,Allemagne,Dusseldorf,56 Rue de l'Energie,contact@enersolutions62.eu
CLI-02316,EnerGroup 35,Belgium,Ghent,180 Rue de l'Energie,contact@energroup35.eu
CLI-02317,ThermDirect 33,BE,Brussels,46 Rue de l'Energie,contact@thermdirect33.eu
CLI-02318,RenovServices 52,Spain,Barcelona,139 Rue de l'Energie,contact@renovservices52.eu
CLI-02319,EnerServices 93,france,Bordeaux,25 Rue de l'Energie,contact@enerservices93.eu
CLI-02320,SolarGroup 77, France ,Toulouse,189 Rue de l'Energie,contact@solargroup77.eu
CLI-02321,RenovPlus 40,france,Lille,149 Rue de l'Energie,contact@renovplus40.eu
CLI-02322,ElectraDirect 79,FR,Paris,118 Rue de l'Energie,contact@electradirect79.eu
CLI-02323,PowerInstall 66,France,Lyon,53 Rue de l'Energie,contact@powerinstall66.eu
CLI-02324,VoltTech 62,FR,Lille,169 Rue de l'Energie,contact@volttech62.eu
CLI-02325,SunSolutions 84,FR,Marseille,189 Rue de l'Energie,contact@sunsolutions84.eu
CLI-02326,InstalDirect 30,Spain,Bilbao,63 Rue de l'Energie,contact@instaldirect30.eu
CLI-02327,EnerPartners 13,Allemagne,Berlin,44 Rue de l'Energie,contact@enerpartners13.eu
CLI-02328,GreenPlus 86,Belgium,Ghent,72 Rue de l'Energie,contact@greenplus86.eu
CLI-02329,LumiEnergy 57,GERMANY,Stuttgart,24 Rue de l'Energie,contact@lumienergy57.eu
CLI-02330,WindInstall 36,Germany,Berlin,148 Rue de l'Energie,contact@windinstall36.eu
CLI-02331,ElectraEurope 91,Germany,Cologne,120 Rue de l'Energie,contact@electraeurope91.eu
CLI-02332,BatSystems 12,Espagne,Valencia,15 Rue de l'Energie,contact@batsystems12.eu
CLI-02333,ThermPro 4,DE,Berlin,82 Rue de l'Energie,contact@thermpro4.eu
CLI-02334,SolarPlus 23,DE,Munich,183 Rue de l'Energie,contact@solarplus23.eu
CLI-02335,LumiSolutions 22,Pays-Bas,Eindhoven,60 Rue de l'Energie,contact@lumisolutions22.eu
CLI-02336,ThermPartners 97,FR,Lyon,5 Rue de l'Energie,contact@thermpartners97.eu
CLI-02337,GreenEnergy 84,Italie,Turin,76 Rue de l'Energie,
CLI-02338,SunInstall 25,FR,Toulouse,173 Rue de l'Energie,contact@suninstall25.eu
CLI-02339,EcoGroup 48,Netherlands,Utrecht,189 Rue de l'Energie,contact@ecogroup48.eu
CLI-02340,ElectraInstall 47,ES,Madrid,64 Rue de l'Energie,contact@electrainstall47.eu
CLI-02341,ElectraSystems 44,Netherlands,Rotterdam,53 Rue de l'Energie,contact@electrasystems44.eu
CLI-02342,GreenPartners 82,Allemagne,Hamburg,123 Rue de l'Energie,contact@greenpartners82.eu
CLI-02343,InstalEurope 55,france,Lille,83 Rue de l'Energie,contact@instaleurope55.eu
CLI-02344,SolarEnergy 59,Germany,Hamburg,134 Rue de l'Energie,contact@solarenergy59.eu
CLI-02345,WindEnergy 18,Espagne,Bilbao,117 Rue de l'Energie,contact@windenergy18.eu
CLI-02346,ThermInstall 67, France ,Lille,151 Rue de l'Energie,contact@therminstall67.eu
CLI-02347,RenovPro 59,Germany,Frankfurt,111 Rue de l'Energie,contact@renovpro59.eu
CLI-02348,EnerPro 4,FR,Strasbourg,67 Rue de l'Energie,contact@enerpro4.eu
CLI-02349,EnerSystems 51,NL,Eindhoven,108 Rue de l'Energie,contact@enersystems51.eu
CLI-02350,ElectraDirect 65,ES,Madrid,176 Rue de l'Energie,contact@electradirect65.eu
CLI-02351,EcoEnergy 89,FR,Marseille,95 Rue de l'Energie,contact@ecoenergy89.eu
CLI-02352,WindTech 36,Allemagne,Cologne,5 Rue de l'Energie,contact@windtech36.eu
CLI-02353,LumiServices 63,Allemagne,Stuttgart,35 Rue de l'Energie,contact@lumiservices63.eu
CLI-02354,InstalPartners 56,France,Marseille,180 Rue de l'Energie,contact@instalpartners56.eu
CLI-02355,EnerEnergy 5,DE,Frankfurt,175 Rue de l'Energie,contact@enerenergy5.eu
CLI-02356,PowerDirect 23,BE,Liege,78 Rue de l'Energie,contact@powerdirect23.eu
CLI-02357,ElectraPlus 37,Espagne,Barcelona,192 Rue de l'Energie,contact@electraplus37.eu
CLI-02358,EcoSystems 66,france,,185 Rue de l'Energie,contact@ecosystems66.eu
CLI-02359,VoltPartners 74, France ,Marseille,22 Rue de l'Energie,contact@voltpartners74.eu
CLI-02360,ThermPartners 48,FR,Bordeaux,182 Rue de l'Energie,contact@thermpartners48.eu
CLI-02361,SolarServices 50,Allemagne,Frankfurt,14 Rue de l'Energie,contact@solarservices50.eu
CLI-02362,ThermEnergy 28,france,Bordeaux,200 Rue de l'Energie,contact@thermenergy28.eu
CLI-02363,EnerPartners 10,Espagne,Barcelona,51 Rue de l'Energie,contact@enerpartners10.eu
CLI-02364,RenovDirect 7,GERMANY,Frankfurt,32 Rue de l'Energie,contact@renovdirect7.eu
CLI-02365,VoltInstall 23,Belgique,Liege,35 Rue de l'Energie,contact@voltinstall23.eu
CLI-02366,RenovTech 66,GERMANY,Hamburg,68 Rue de l'Energie,contact@renovtech66.eu
CLI-02367,SunPlus 37,Italie,Naples,74 Rue de l'Energie,contact@sunplus37.eu
CLI-02368,BatServices 58, France ,Nantes,8 Rue de l'Energie,contact@batservices58.eu
CLI-02369,PowerPartners 61,Allemagne,,,contact@powerpartners61.eu
CLI-02370,VoltSystems 11,BE,Liege,90 Rue de l'Energie,contact@voltsystems11.eu
CLI-02371,InstalServices 84,DE,Frankfurt,151 Rue de l'Energie,contact@instalservices84.eu
CLI-02372,BatEnergy 95,Spain,Bilbao,96 Rue de l'Energie,contact@batenergy95.eu
CLI-02373,RenovEnergy 44,FR,Bordeaux,86 Rue de l'Energie,contact@renovenergy44.eu
CLI-02374,EcoPlus 17, France ,Marseille,9 Rue de l'Energie,contact@ecoplus17.eu
CLI-02375,BatTech 34,ES,Madrid,,contact@battech34.eu
CLI-02376,BatEnergy 75,france,Toulouse,20 Rue de l'Energie,contact@batenergy75.eu
CLI-02377,LumiDirect 52,ES,Bilbao,23 Rue de l'Energie,contact@lumidirect52.eu
CLI-02378,RenovGroup 36,GERMANY,Munich,80 Rue de l'Energie,contact@renovgroup36.eu
CLI-02379,ElectraPlus 98,GERMANY,Berlin,172 Rue de l'Energie,
CLI-02380,PowerPlus 84,IT,,38 Rue de l'Energie,contact@powerplus84.eu
CLI-02381,WindInstall 44,Allemagne,Munich,,contact@windinstall44.eu
CLI-02382,RenovServices 1,Espagne,Barcelona,181 Rue de l'Energie,contact@renovservices1.eu
CLI-02383,WindEnergy 62,FR,Paris,109 Rue de l'Energie,contact@windenergy62.eu
CLI-02384,EnerServices 12, France ,Nantes,79 Rue de l'Energie,contact@enerservices12.eu
CLI-02385,SunGroup 94,france,Lyon,117 Rue de l'Energie,contact@sungroup94.eu
CLI-02386,WindEurope 34,france,Toulouse,192 Rue de l'Energie,contact@windeurope34.eu
CLI-02387,VoltPlus 29,ES,Bilbao,138 Rue de l'Energie,contact@voltplus29.eu
CLI-02388,PowerEnergy 64,IT,Bologna,53 Rue de l'Energie,contact@powerenergy64.eu
CLI-02389,ThermServices 2,DE,Cologne,96 Rue de l'Energie,contact@thermservices2.eu
CLI-02390,ElectraPro 45,Netherlands,Utrecht,135 Rue de l'Energie,contact@electrapro45.eu
CLI-02391,VoltPartners 78,france,Lyon,160 Rue de l'Energie,contact@voltpartners78.eu
CLI-02392,RenovPlus 10,DE,Hamburg,142 Rue de l'Energie,contact@renovplus10.eu
CLI-02393,PowerGroup 45,Italie,Milan,138 Rue de l'Energie,contact@powergroup45.eu
CLI-02394,ElectraEurope 12,Espagne,Valencia,196 Rue de l'Energie,contact@electraeurope12.eu
CLI-02395,BatEnergy 50,FR,Lyon,181 Rue de l'Energie,contact@batenergy50.eu
CLI-02396,EnerDirect 78,Allemagne,Munich,191 Rue de l'Energie,contact@enerdirect78.eu
CLI-02397,RenovPro 23,Italy,Naples,40 Rue de l'Energie,contact@renovpro23.eu
CLI-02398,SunDirect 52,France,Lyon,22 Rue de l'Energie,contact@sundirect52.eu
CLI-02399,SolarPro 42,DE,Dusseldorf,,contact@solarpro42.eu
CLI-02400,ElectraPro 86,France,Strasbourg,158 Rue de l'Energie,contact@electrapro86.eu
CLI-02401,SunPlus 99,Allemagne,Cologne,105 Rue de l'Energie,contact@sunplus99.eu
CLI-02402,WindEnergy 16,FR,Bordeaux,26 Rue de l'Energie,contact@windenergy16.eu
CLI-02403,SunSystems 20,Italy,Naples,176 Rue de l'Energie,contact@sunsystems20.eu
CLI-02404,SolarInstall 14,Italie,Milan,165 Rue de l'Energie,contact@solarinstall14.eu
CLI-02405,GreenPlus 33,FR,Marseille,32 Rue de l'Energie,contact@greenplus33.eu
CLI-02406,GreenPlus 11,Italie,Rome,92 Rue de l'Energie,contact@greenplus11.eu
CLI-02407,BatEurope 73,ES,Sevilla,8 Rue de l'Energie,contact@bateurope73.eu
CLI-02408,RenovPro 96,Germany,Dusseldorf,,contact@renovpro96.eu
CLI-02409,VoltSolutions 98,Italy,Turin,117 Rue de l'Energie,contact@voltsolutions98.eu
CLI-02410,ThermPlus 60,france,Paris,158 Rue de l'Energie,contact@thermplus60.eu
CLI-02411,VoltPro 19,Italie,Naples,76 Rue de l'Energie,contact@voltpro19.eu
CLI-02412,ThermPartners 83,Italy,Turin,38 Rue de l'Energie,contact@thermpartners83.eu
CLI-02413,PowerTech 37,Germany,Dusseldorf,47 Rue de l'Energie,contact@powertech37.eu
CLI-02414,VoltEnergy 58,GERMANY,Hamburg,156 Rue de l'Energie,contact@voltenergy58.eu
CLI-02415,BatPro 82,Allemagne,Hamburg,177 Rue de l'Energie,contact@batpro82.eu
CLI-02416,ThermSystems 56,Belgium,Ghent,144 Rue de l'Energie,contact@thermsystems56.eu
CLI-02417,PowerSystems 55,DE,Stuttgart,100 Rue de l'Energie,contact@powersystems55.eu
CLI-02418,BatEurope 3,Spain,Barcelona,187 Rue de l'Energie,contact@bateurope3.eu
CLI-02419,VoltEurope 36, France ,Bordeaux,21 Rue de l'Energie,contact@volteurope36.eu
CLI-02420,EcoSystems 16,france,Paris,134 Rue de l'Energie,contact@ecosystems16.eu
CLI-02421,ElectraSolutions 92,Allemagne,Munich,151 Rue de l'Energie,contact@electrasolutions92.eu
CLI-02422,RenovTech 47,DE,Cologne,33 Rue de l'Energie,contact@renovtech47.eu
CLI-02423,VoltServices 82,Belgium,Liege,85 Rue de l'Energie,contact@voltservices82.eu
CLI-02424,SolarPartners 33,Italie,Bologna,104 Rue de l'Energie,contact@solarpartners33.eu
CLI-02425,PowerDirect 85,Italy,Turin,43 Rue de l'Energie,contact@powerdirect85.eu
CLI-02426,BatSolutions 68,Spain,Barcelona,1 Rue de l'Energie,contact@batsolutions68.eu
CLI-02427,WindServices 6, France ,Toulouse,132 Rue de l'Energie,contact@windservices6.eu
CLI-02428,VoltInstall 82, France ,Lille,157 Rue de l'Energie,contact@voltinstall82.eu
CLI-02429,VoltEnergy 94,IT,Rome,148 Rue de l'Energie,contact@voltenergy94.eu
CLI-02430,EnerGroup 42,france,Toulouse,182 Rue de l'Energie,contact@energroup42.eu
CLI-02431,SunPartners 91,BE,Liege,23 Rue de l'Energie,contact@sunpartners91.eu
CLI-02432,PowerPlus 21,ES,Bilbao,195 Rue de l'Energie,contact@powerplus21.eu
CLI-02433,PowerEnergy 43,FR,Strasbourg,105 Rue de l'Energie,contact@powerenergy43.eu
CLI-02434,SunPro 79,IT,Bologna,154 Rue de l'Energie,contact@sunpro79.eu
CLI-02435,LumiServices 45,FR,Paris,29 Rue de l'Energie,contact@lumiservices45.eu
CLI-02436,LumiGroup 84,FR,Nantes,72 Rue de l'Energie,contact@lumigroup84.eu
CLI-02437,SunPlus 77,Italy,Rome,106 Rue de l'Energie,contact@sunplus77.eu
CLI-02438,PowerPlus 89,Germany,Hamburg,163 Rue de l'Energie,contact@powerplus89.eu
CLI-02439,EcoEnergy 71,France,Toulouse,86 Rue de l'Energie,contact@ecoenergy71.eu
CLI-02440,PowerDirect 63,France,Lille,84 Rue de l'Energie,contact@powerdirect63.eu
CLI-02441,LumiSolutions 51,France,Toulouse,112 Rue de l'Energie,contact@lumisolutions51.eu
CLI-02442,ThermDirect 18,IT,Bologna,162 Rue de l'Energie,contact@thermdirect18.eu
CLI-02443,LumiEurope 9,Belgium,Ghent,40 Rue de l'Energie,contact@lumieurope9.eu
CLI-02444,RenovPlus 88,DE,Frankfurt,94 Rue de l'Energie,contact@renovplus88.eu
CLI-02445,WindDirect 84,FR,Nantes,6 Rue de l'Energie,contact@winddirect84.eu
CLI-02446,EnerSolutions 50,Belgium,Antwerp,56 Rue de l'Energie,contact@enersolutions50.eu
CLI-02447,SunEnergy 96,GERMANY,Cologne,,contact@sunenergy96.eu
CLI-02448,BatSystems 11,France,Strasbourg,17 Rue de l'Energie,contact@batsystems11.eu
CLI-02449,SunPro 40,FR,Bordeaux,173 Rue de l'Energie,contact@sunpro40.eu
CLI-02450,ElectraPlus 98,Spain,Barcelona,165 Rue de l'Energie,contact@electraplus98.eu
CLI-02451,PowerSystems 49,france,Strasbourg,10 Rue de l'Energie,contact@powersystems49.eu
CLI-02452,SunPlus 91,DE,Cologne,79 Rue de l'Energie,contact@sunplus91.eu
CLI-02453,VoltPro 44,GERMANY,Stuttgart,45 Rue de l'Energie,contact@voltpro44.eu
CLI-02454,InstalEurope 7,IT,Turin,178 Rue de l'Energie,contact@instaleurope7.eu
CLI-02455,LumiGroup 60,Germany,Hamburg,170 Rue de l'Energie,contact@lumigroup60.eu
CLI-02456,VoltGroup 30,Allemagne,Hamburg,68 Rue de l'Energie,contact@voltgroup30.eu
CLI-02457,RenovPartners 62,Belgium,Ghent,94 Rue de l'Energie,contact@renovpartners62.eu
CLI-02458,EcoSystems 35,GERMANY,Berlin,101 Rue de l'Energie,contact@ecosystems35.eu
CLI-02459,LumiPlus 41,DE,Munich,38 Rue de l'Energie,contact@lumiplus41.eu
CLI-02460,BatPlus 96,Allemagne,Berlin,154 Rue de l'Energie,contact@batplus96.eu
CLI-02461,ThermInstall 52,Belgium,Brussels,136 Rue de l'Energie,contact@therminstall52.eu
CLI-02462,PowerSolutions 31,Spain,Barcelona,168 Rue de l'Energie,contact@powersolutions31.eu
CLI-02463,SolarGroup 14,Allemagne,Hamburg,152 Rue de l'Energie,contact@solargroup14.eu
CLI-02464,RenovGroup 86,Espagne,Valencia,178 Rue de l'Energie,contact@renovgroup86.eu
CLI-02465,WindEurope 44,Germany,Stuttgart,56 Rue de l'Energie,contact@windeurope44.eu
CLI-02466,SolarPro 60,Spain,Sevilla,100 Rue de l'Energie,contact@solarpro60.eu
CLI-02467,SolarPlus 6,Germany,Stuttgart,10 Rue de l'Energie,contact@solarplus6.eu
CLI-02468,LumiTech 63,Italie,Turin,153 Rue de l'Energie,contact@lumitech63.eu
CLI-02469,PowerDirect 20,Germany,Berlin,94 Rue de l'Energie,contact@powerdirect20.eu
CLI-02470,PowerGroup 52,Espagne,Bilbao,51 Rue de l'Energie,contact@powergroup52.eu
CLI-02471,RenovPartners 77, France ,Nantes,,contact@renovpartners77.eu
CLI-02472,SunPro 28,DE,Munich,28 Rue de l'Energie,contact@sunpro28.eu
CLI-02473,SolarEurope 60,france,Toulouse,163 Rue de l'Energie,contact@solareurope60.eu
CLI-02474,ThermServices 41,GERMANY,Dusseldorf,187 Rue de l'Energie,contact@thermservices41.eu
CLI-02475,RenovEnergy 67,Italy,Milan,197 Rue de l'Energie,contact@renovenergy67.eu
CLI-02476,VoltPlus 93,FR,Paris,199 Rue de l'Energie,contact@voltplus93.eu
CLI-02477,PowerTech 66,DE,Munich,88 Rue de l'Energie,contact@powertech66.eu
CLI-02478,VoltEurope 34,Germany,Stuttgart,130 Rue de l'Energie,contact@volteurope34.eu
CLI-02479,EnerPro 17,DE,Cologne,43 Rue de l'Energie,contact@enerpro17.eu
CLI-02480,InstalInstall 11,France,Marseille,165 Rue de l'Energie,contact@instalinstall11.eu
CLI-02481,InstalEurope 40, France ,Nantes,195 Rue de l'Energie,contact@instaleurope40.eu
CLI-02482,PowerSystems 90,Spain,Valencia,176 Rue de l'Energie,contact@powersystems90.eu
CLI-02483,ElectraPro 99,Belgique,Brussels,196 Rue de l'Energie,contact@electrapro99.eu
CLI-02484,EcoPartners 3,france,Strasbourg,53 Rue de l'Energie,contact@ecopartners3.eu
CLI-02485,LumiServices 57,GERMANY,Stuttgart,200 Rue de l'Energie,contact@lumiservices57.eu
CLI-02486,EnerEnergy 49,FR,Strasbourg,20 Rue de l'Energie,contact@enerenergy49.eu
CLI-02487,SunTech 13,France,Nantes,44 Rue de l'Energie,contact@suntech13.eu
CLI-02488,ElectraGroup 51,france,Paris,124 Rue de l'Energie,contact@electragroup51.eu
CLI-02489,PowerPro 70,Netherlands,Eindhoven,97 Rue de l'Energie,contact@powerpro70.eu
CLI-02490,ThermGroup 89,France,Lille,48 Rue de l'Energie,contact@thermgroup89.eu
CLI-02491,ElectraTech 85,france,Lille,100 Rue de l'Energie,contact@electratech85.eu
CLI-02492,PowerEnergy 84,france,Marseille,66 Rue de l'Energie,contact@powerenergy84.eu
CLI-02493,PowerTech 42,FR,Lyon,6 Rue de l'Energie,contact@powertech42.eu
CLI-02494,SolarEurope 93,Italie,Naples,166 Rue de l'Energie,
CLI-02495,EnerDirect 77,GERMANY,Stuttgart,32 Rue de l'Energie,contact@enerdirect77.eu
CLI-02496,EnerServices 51,DE,Cologne,119 Rue de l'Energie,contact@enerservices51.eu
CLI-02497,EcoPro 77,FR,Nantes,102 Rue de l'Energie,contact@ecopro77.eu
CLI-02498,PowerTech 18,DE,Munich,147 Rue de l'Energie,contact@powertech18.eu
CLI-02499,VoltSystems 36,Germany,Cologne,155 Rue de l'Energie,contact@voltsystems36.eu
CLI-02500,InstalPartners 39,DE,,160 Rue de l'Energie,contact@instalpartners39.eu
